2025-08-23 18:35:42,888 INFO ❌ Error calculating total current: cannot access local variable 'total_current' where it is not associated with a value
2025-08-23 18:35:44,396 INFO ❌ Error calculating total current: cannot access local variable 'total_current' where it is not associated with a value
2025-08-23 18:35:44,398 INFO ❌ Error calculating total current: cannot access local variable 'total_current' where it is not associated with a value
2025-08-23 18:35:46,152 INFO ❌ Error calculating total current: cannot access local variable 'total_current' where it is not associated with a value
2025-08-23 18:35:46,152 INFO ❌ Error calculating total current: cannot access local variable 'total_current' where it is not associated with a value
2025-08-23 18:35:46,154 INFO ❌ Error calculating total current: cannot access local variable 'total_current' where it is not associated with a value
2025-08-23 18:35:46,155 INFO ❌ Error calculating total current: cannot access local variable 'total_current' where it is not associated with a value
2025-08-23 18:35:46,156 INFO ❌ Error calculating total current: cannot access local variable 'total_current' where it is not associated with a value
2025-08-23 18:35:46,157 INFO ❌ Error calculating total current: cannot access local variable 'total_current' where it is not associated with a value
2025-08-23 18:35:46,158 INFO ❌ Error calculating total current: cannot access local variable 'total_current' where it is not associated with a value
2025-08-23 18:35:46,159 INFO ❌ Error calculating total current: cannot access local variable 'total_current' where it is not associated with a value
2025-08-23 18:35:46,160 INFO ❌ Error calculating total current: cannot access local variable 'total_current' where it is not associated with a value
2025-08-23 18:35:46,160 INFO ❌ Error calculating total current: cannot access local variable 'total_current' where it is not associated with a value
2025-08-23 18:35:46,165 INFO ❌ Error calculating total current: cannot access local variable 'total_current' where it is not associated with a value
2025-08-23 18:35:46,176 INFO 🔌 Calculating current for displayed modules: {1, 2, 3}
2025-08-23 18:35:46,176 INFO 🔌 Total Current: 0.00 A from 0 VCC pins
2025-08-23 18:35:46,180 INFO ❌ Error calculating total current: cannot access local variable 'total_current' where it is not associated with a value
2025-08-23 18:35:46,184 INFO 🔌 Calculating current for displayed modules: {1, 2, 3}
2025-08-23 18:35:46,184 INFO 🔌 Total Current: 0.00 A from 0 VCC pins
2025-08-23 18:35:46,187 INFO ❌ Error calculating total current: cannot access local variable 'total_current' where it is not associated with a value
2025-08-23 18:35:46,190 INFO 🔌 Calculating current for displayed modules: {1, 2, 3}
2025-08-23 18:35:46,190 INFO 🔌 Total Current: 0.00 A from 0 VCC pins
2025-08-23 18:35:46,193 INFO ❌ Error calculating total current: cannot access local variable 'total_current' where it is not associated with a value
2025-08-23 18:35:46,196 INFO 🔌 Calculating current for displayed modules: {1, 2, 3}
2025-08-23 18:35:46,196 INFO 🔌 Total Current: 0.00 A from 0 VCC pins
2025-08-23 18:35:46,198 INFO ❌ Error calculating total current: cannot access local variable 'total_current' where it is not associated with a value
2025-08-23 18:35:46,200 INFO 🔌 Calculating current for displayed modules: {1, 2, 3}
2025-08-23 18:35:46,200 INFO 🔌 Total Current: 0.00 A from 0 VCC pins
2025-08-23 18:35:46,203 INFO ❌ Error calculating total current: cannot access local variable 'total_current' where it is not associated with a value
2025-08-23 18:35:46,206 INFO 🔌 Calculating current for displayed modules: {1, 2, 3}
2025-08-23 18:35:46,206 INFO 🔌 Total Current: 0.00 A from 0 VCC pins
2025-08-23 18:35:46,208 INFO ❌ Error calculating total current: cannot access local variable 'total_current' where it is not associated with a value
2025-08-23 18:35:46,210 INFO 🔌 Calculating current for displayed modules: {1, 2, 3}
2025-08-23 18:35:46,210 INFO 🔌 Total Current: 0.00 A from 0 VCC pins
2025-08-23 18:35:46,212 INFO ❌ Error calculating total current: cannot access local variable 'total_current' where it is not associated with a value
2025-08-23 18:35:46,215 INFO 🔌 Calculating current for displayed modules: {1, 2, 3}
2025-08-23 18:35:46,215 INFO 🔌 Total Current: 0.00 A from 0 VCC pins
2025-08-23 18:35:46,217 INFO ❌ Error calculating total current: cannot access local variable 'total_current' where it is not associated with a value
2025-08-23 18:35:46,219 INFO 🔌 Calculating current for displayed modules: {1, 2, 3}
2025-08-23 18:35:46,220 INFO 🔌 Total Current: 0.00 A from 0 VCC pins
2025-08-23 18:35:46,221 INFO ❌ Error calculating total current: cannot access local variable 'total_current' where it is not associated with a value
2025-08-23 18:35:46,224 INFO 🔌 Calculating current for displayed modules: {1, 2, 3}
2025-08-23 18:35:46,224 INFO 🔌 Total Current: 0.00 A from 0 VCC pins
2025-08-23 18:35:46,226 INFO ❌ Error calculating total current: cannot access local variable 'total_current' where it is not associated with a value
2025-08-23 18:35:46,228 INFO 🔌 Calculating current for displayed modules: {1, 2, 3}
2025-08-23 18:35:46,228 INFO 🔌 Total Current: 0.00 A from 0 VCC pins
2025-08-23 18:35:46,230 INFO ❌ Error calculating total current: cannot access local variable 'total_current' where it is not associated with a value
2025-08-23 18:35:46,232 INFO 🔌 Calculating current for displayed modules: {1, 2, 3}
2025-08-23 18:35:46,232 INFO 🔌 Total Current: 0.00 A from 0 VCC pins
2025-08-23 18:35:46,235 INFO ❌ Error calculating total current: cannot access local variable 'total_current' where it is not associated with a value
2025-08-23 18:35:46,237 INFO 🔌 Calculating current for displayed modules: {1, 2, 3}
2025-08-23 18:35:46,237 INFO 🔌 Total Current: 0.00 A from 0 VCC pins
2025-08-23 18:35:46,240 INFO ❌ Error calculating total current: cannot access local variable 'total_current' where it is not associated with a value
2025-08-23 18:35:46,242 INFO 🔌 Calculating current for displayed modules: {1, 2, 3}
2025-08-23 18:35:46,242 INFO 🔌 Total Current: 0.00 A from 0 VCC pins
2025-08-23 18:35:46,245 INFO ❌ Error calculating total current: cannot access local variable 'total_current' where it is not associated with a value
2025-08-23 18:35:46,247 INFO 🔌 Calculating current for displayed modules: {1, 2, 3}
2025-08-23 18:35:46,248 INFO 🔌 Total Current: 0.00 A from 0 VCC pins
2025-08-23 18:35:46,250 INFO ❌ Error calculating total current: cannot access local variable 'total_current' where it is not associated with a value
2025-08-23 18:35:46,253 INFO 🔌 Calculating current for displayed modules: {1, 2, 3}
2025-08-23 18:35:46,253 INFO 🔌 Total Current: 0.00 A from 0 VCC pins
2025-08-23 18:35:46,255 INFO ❌ Error calculating total current: cannot access local variable 'total_current' where it is not associated with a value
2025-08-23 18:35:46,257 INFO 🔌 Calculating current for displayed modules: {1, 2, 3}
2025-08-23 18:35:46,257 INFO 🔌 Total Current: 0.00 A from 0 VCC pins
2025-08-23 18:35:46,259 INFO ❌ Error calculating total current: cannot access local variable 'total_current' where it is not associated with a value
2025-08-23 18:35:46,262 INFO 🔌 Calculating current for displayed modules: {1, 2, 3}
2025-08-23 18:35:46,262 INFO 🔌 Total Current: 0.00 A from 0 VCC pins
2025-08-23 18:35:46,266 INFO ❌ Error calculating total current: cannot access local variable 'total_current' where it is not associated with a value
2025-08-23 18:35:46,268 INFO 🔌 Calculating current for displayed modules: {1, 2, 3}
2025-08-23 18:35:46,268 INFO 🔌 Total Current: 0.00 A from 0 VCC pins
2025-08-23 18:35:46,271 INFO ❌ Error calculating total current: cannot access local variable 'total_current' where it is not associated with a value
2025-08-23 18:35:46,273 INFO 🔌 Calculating current for displayed modules: {1, 2, 3}
2025-08-23 18:35:46,273 INFO 🔌 Total Current: 0.00 A from 0 VCC pins
2025-08-23 18:35:46,276 INFO ❌ Error calculating total current: cannot access local variable 'total_current' where it is not associated with a value
2025-08-23 18:35:46,278 INFO 🔌 Calculating current for displayed modules: {1, 2, 3}
2025-08-23 18:35:46,278 INFO 🔌 Total Current: 0.00 A from 0 VCC pins
2025-08-23 18:35:46,280 INFO ❌ Error calculating total current: cannot access local variable 'total_current' where it is not associated with a value
2025-08-23 18:35:46,282 INFO 🔌 Calculating current for displayed modules: {1, 2, 3}
2025-08-23 18:35:46,282 INFO 🔌 Total Current: 0.00 A from 0 VCC pins
2025-08-23 18:35:46,285 INFO ❌ Error calculating total current: cannot access local variable 'total_current' where it is not associated with a value
2025-08-23 18:35:46,287 INFO 🔌 Calculating current for displayed modules: {1, 2, 3}
2025-08-23 18:35:46,287 INFO 🔌 Total Current: 0.00 A from 0 VCC pins
2025-08-23 18:35:46,289 INFO ❌ Error calculating total current: cannot access local variable 'total_current' where it is not associated with a value
2025-08-23 18:35:46,292 INFO 🔌 Calculating current for displayed modules: {1, 2, 3}
2025-08-23 18:35:46,292 INFO 🔌 Total Current: 0.00 A from 0 VCC pins
2025-08-23 18:35:46,294 INFO ❌ Error calculating total current: cannot access local variable 'total_current' where it is not associated with a value
2025-08-23 18:35:46,296 INFO 🔌 Calculating current for displayed modules: {1, 2, 3}
2025-08-23 18:35:46,296 INFO 🔌 Total Current: 0.00 A from 0 VCC pins
2025-08-23 18:35:46,299 INFO ❌ Error calculating total current: cannot access local variable 'total_current' where it is not associated with a value
2025-08-23 18:35:46,302 INFO 🔌 Calculating current for displayed modules: {1, 2, 3}
2025-08-23 18:35:46,302 INFO 🔌 Total Current: 0.00 A from 0 VCC pins
2025-08-23 18:35:46,304 INFO ❌ Error calculating total current: cannot access local variable 'total_current' where it is not associated with a value
2025-08-23 18:35:46,306 INFO 🔌 Calculating current for displayed modules: {1, 2, 3}
2025-08-23 18:35:46,306 INFO 🔌 Total Current: 0.00 A from 0 VCC pins
2025-08-23 18:35:46,309 INFO ❌ Error calculating total current: cannot access local variable 'total_current' where it is not associated with a value
2025-08-23 18:35:46,311 INFO 🔌 Calculating current for displayed modules: {1, 2, 3}
2025-08-23 18:35:46,311 INFO 🔌 Total Current: 0.00 A from 0 VCC pins
2025-08-23 18:35:46,315 INFO ❌ Error calculating total current: cannot access local variable 'total_current' where it is not associated with a value
2025-08-23 18:35:46,316 INFO 🔌 Calculating current for displayed modules: {1, 2, 3}
2025-08-23 18:35:46,317 INFO 🔌 Total Current: 0.00 A from 0 VCC pins
2025-08-23 18:35:46,325 INFO ❌ Error calculating total current: cannot access local variable 'total_current' where it is not associated with a value
2025-08-23 18:35:46,327 INFO 🔌 Calculating current for displayed modules: {1, 2, 3}
2025-08-23 18:35:46,327 INFO 🔌 Total Current: 0.00 A from 0 VCC pins
2025-08-23 18:35:46,329 INFO ❌ Error calculating total current: cannot access local variable 'total_current' where it is not associated with a value
2025-08-23 18:35:46,331 INFO 🔌 Calculating current for displayed modules: {1, 2, 3}
2025-08-23 18:35:46,331 INFO 🔌 Total Current: 0.00 A from 0 VCC pins
2025-08-23 18:38:02,603 INFO 🔌 Total Current: 0.00 A from 0 VCC pins (no active scene connections)
2025-08-23 18:38:04,349 INFO 🔌 Total Current: 0.00 A from 0 VCC pins (no active scene connections)
2025-08-23 18:38:04,351 INFO 🔌 Total Current: 0.00 A from 0 VCC pins (no active scene connections)
2025-08-23 18:38:06,150 INFO 🔌 Total Current: 0.00 A from 0 VCC pins (no active scene connections)
2025-08-23 18:38:06,152 INFO 🔌 Total Current: 0.00 A from 0 VCC pins (no active scene connections)
2025-08-23 18:38:06,154 INFO 🔌 Total Current: 0.00 A from 0 VCC pins (no active scene connections)
2025-08-23 18:38:06,155 INFO 🔌 Total Current: 0.00 A from 0 VCC pins (no active scene connections)
2025-08-23 18:38:06,157 INFO 🔌 Total Current: 0.00 A from 0 VCC pins (no active scene connections)
2025-08-23 18:38:06,158 INFO 🔌 Total Current: 0.00 A from 0 VCC pins (no active scene connections)
2025-08-23 18:38:06,160 INFO 🔌 Total Current: 0.00 A from 0 VCC pins (no active scene connections)
2025-08-23 18:38:06,160 INFO 🔌 Total Current: 0.00 A from 0 VCC pins (no active scene connections)
2025-08-23 18:38:06,161 INFO 🔌 Total Current: 0.00 A from 0 VCC pins (no active scene connections)
2025-08-23 18:38:06,162 INFO 🔌 Total Current: 0.00 A from 0 VCC pins (no active scene connections)
2025-08-23 18:38:06,166 INFO 🔌 Total Current: 0.00 A from 0 VCC pins (no active scene connections)
2025-08-23 18:38:06,173 INFO 🔌 Calculating current for displayed modules: {1, 2, 3}
2025-08-23 18:38:06,173 INFO 🔌 Total Current: 0.00 A from 0 VCC pins
2025-08-23 18:38:06,178 INFO 🔌 Total Current: 0.00 A from 0 VCC pins (no active scene connections)
2025-08-23 18:38:06,181 INFO 🔌 Calculating current for displayed modules: {1, 2, 3}
2025-08-23 18:38:06,181 INFO 🔌 Total Current: 0.00 A from 0 VCC pins
2025-08-23 18:38:06,184 INFO 🔌 Total Current: 0.00 A from 0 VCC pins (no active scene connections)
2025-08-23 18:38:06,188 INFO 🔌 Calculating current for displayed modules: {1, 2, 3}
2025-08-23 18:38:06,188 INFO 🔌 Total Current: 0.00 A from 0 VCC pins
2025-08-23 18:38:06,190 INFO 🔌 Total Current: 0.00 A from 0 VCC pins (no active scene connections)
2025-08-23 18:38:06,193 INFO 🔌 Calculating current for displayed modules: {1, 2, 3}
2025-08-23 18:38:06,193 INFO 🔌 Total Current: 0.00 A from 0 VCC pins
2025-08-23 18:38:06,196 INFO 🔌 Total Current: 0.00 A from 0 VCC pins (no active scene connections)
2025-08-23 18:38:06,199 INFO 🔌 Calculating current for displayed modules: {1, 2, 3}
2025-08-23 18:38:06,199 INFO 🔌 Total Current: 0.00 A from 0 VCC pins
2025-08-23 18:38:06,201 INFO 🔌 Total Current: 0.00 A from 0 VCC pins (no active scene connections)
2025-08-23 18:38:06,204 INFO 🔌 Calculating current for displayed modules: {1, 2, 3}
2025-08-23 18:38:06,204 INFO 🔌 Total Current: 0.00 A from 0 VCC pins
2025-08-23 18:38:06,207 INFO 🔌 Total Current: 0.00 A from 0 VCC pins (no active scene connections)
2025-08-23 18:38:06,209 INFO 🔌 Calculating current for displayed modules: {1, 2, 3}
2025-08-23 18:38:06,210 INFO 🔌 Total Current: 0.00 A from 0 VCC pins
2025-08-23 18:38:06,212 INFO 🔌 Total Current: 0.00 A from 0 VCC pins (no active scene connections)
2025-08-23 18:38:06,215 INFO 🔌 Calculating current for displayed modules: {1, 2, 3}
2025-08-23 18:38:06,216 INFO 🔌 Total Current: 0.00 A from 0 VCC pins
2025-08-23 18:38:06,218 INFO 🔌 Total Current: 0.00 A from 0 VCC pins (no active scene connections)
2025-08-23 18:38:06,221 INFO 🔌 Calculating current for displayed modules: {1, 2, 3}
2025-08-23 18:38:06,221 INFO 🔌 Total Current: 0.00 A from 0 VCC pins
2025-08-23 18:38:06,223 INFO 🔌 Total Current: 0.00 A from 0 VCC pins (no active scene connections)
2025-08-23 18:38:06,225 INFO 🔌 Calculating current for displayed modules: {1, 2, 3}
2025-08-23 18:38:06,225 INFO 🔌 Total Current: 0.00 A from 0 VCC pins
2025-08-23 18:38:06,227 INFO 🔌 Total Current: 0.00 A from 0 VCC pins (no active scene connections)
2025-08-23 18:38:06,230 INFO 🔌 Calculating current for displayed modules: {1, 2, 3}
2025-08-23 18:38:06,230 INFO 🔌 Total Current: 0.00 A from 0 VCC pins
2025-08-23 18:38:06,232 INFO 🔌 Total Current: 0.00 A from 0 VCC pins (no active scene connections)
2025-08-23 18:38:06,234 INFO 🔌 Calculating current for displayed modules: {1, 2, 3}
2025-08-23 18:38:06,234 INFO 🔌 Total Current: 0.00 A from 0 VCC pins
2025-08-23 18:38:06,236 INFO 🔌 Total Current: 0.00 A from 0 VCC pins (no active scene connections)
2025-08-23 18:38:06,238 INFO 🔌 Calculating current for displayed modules: {1, 2, 3}
2025-08-23 18:38:06,238 INFO 🔌 Total Current: 0.00 A from 0 VCC pins
2025-08-23 18:38:06,240 INFO 🔌 Total Current: 0.00 A from 0 VCC pins (no active scene connections)
2025-08-23 18:38:06,242 INFO 🔌 Calculating current for displayed modules: {1, 2, 3}
2025-08-23 18:38:06,242 INFO 🔌 Total Current: 0.00 A from 0 VCC pins
2025-08-23 18:38:06,244 INFO 🔌 Total Current: 0.00 A from 0 VCC pins (no active scene connections)
2025-08-23 18:38:06,246 INFO 🔌 Calculating current for displayed modules: {1, 2, 3}
2025-08-23 18:38:06,246 INFO 🔌 Total Current: 0.00 A from 0 VCC pins
2025-08-23 18:38:06,248 INFO 🔌 Total Current: 0.00 A from 0 VCC pins (no active scene connections)
2025-08-23 18:38:06,250 INFO 🔌 Calculating current for displayed modules: {1, 2, 3}
2025-08-23 18:38:06,250 INFO 🔌 Total Current: 0.00 A from 0 VCC pins
2025-08-23 18:38:06,252 INFO 🔌 Total Current: 0.00 A from 0 VCC pins (no active scene connections)
2025-08-23 18:38:06,254 INFO 🔌 Calculating current for displayed modules: {1, 2, 3}
2025-08-23 18:38:06,254 INFO 🔌 Total Current: 0.00 A from 0 VCC pins
2025-08-23 18:38:06,256 INFO 🔌 Total Current: 0.00 A from 0 VCC pins (no active scene connections)
2025-08-23 18:38:06,258 INFO 🔌 Calculating current for displayed modules: {1, 2, 3}
2025-08-23 18:38:06,258 INFO 🔌 Total Current: 0.00 A from 0 VCC pins
2025-08-23 18:38:06,261 INFO 🔌 Total Current: 0.00 A from 0 VCC pins (no active scene connections)
2025-08-23 18:38:06,263 INFO 🔌 Calculating current for displayed modules: {1, 2, 3}
2025-08-23 18:38:06,263 INFO 🔌 Total Current: 0.00 A from 0 VCC pins
2025-08-23 18:38:06,265 INFO 🔌 Total Current: 0.00 A from 0 VCC pins (no active scene connections)
2025-08-23 18:38:06,267 INFO 🔌 Calculating current for displayed modules: {1, 2, 3}
2025-08-23 18:38:06,267 INFO 🔌 Total Current: 0.00 A from 0 VCC pins
2025-08-23 18:38:06,269 INFO 🔌 Total Current: 0.00 A from 0 VCC pins (no active scene connections)
2025-08-23 18:38:06,272 INFO 🔌 Calculating current for displayed modules: {1, 2, 3}
2025-08-23 18:38:06,272 INFO 🔌 Total Current: 0.00 A from 0 VCC pins
2025-08-23 18:38:06,274 INFO 🔌 Total Current: 0.00 A from 0 VCC pins (no active scene connections)
2025-08-23 18:38:06,277 INFO 🔌 Calculating current for displayed modules: {1, 2, 3}
2025-08-23 18:38:06,277 INFO 🔌 Total Current: 0.00 A from 0 VCC pins
2025-08-23 18:38:06,279 INFO 🔌 Total Current: 0.00 A from 0 VCC pins (no active scene connections)
2025-08-23 18:38:06,281 INFO 🔌 Calculating current for displayed modules: {1, 2, 3}
2025-08-23 18:38:06,281 INFO 🔌 Total Current: 0.00 A from 0 VCC pins
2025-08-23 18:38:06,283 INFO 🔌 Total Current: 0.00 A from 0 VCC pins (no active scene connections)
2025-08-23 18:38:06,285 INFO 🔌 Calculating current for displayed modules: {1, 2, 3}
2025-08-23 18:38:06,285 INFO 🔌 Total Current: 0.00 A from 0 VCC pins
2025-08-23 18:38:06,288 INFO 🔌 Total Current: 0.00 A from 0 VCC pins (no active scene connections)
2025-08-23 18:38:06,290 INFO 🔌 Calculating current for displayed modules: {1, 2, 3}
2025-08-23 18:38:06,290 INFO 🔌 Total Current: 0.00 A from 0 VCC pins
2025-08-23 18:38:06,292 INFO 🔌 Total Current: 0.00 A from 0 VCC pins (no active scene connections)
2025-08-23 18:38:06,294 INFO 🔌 Calculating current for displayed modules: {1, 2, 3}
2025-08-23 18:38:06,294 INFO 🔌 Total Current: 0.00 A from 0 VCC pins
2025-08-23 18:38:06,296 INFO 🔌 Total Current: 0.00 A from 0 VCC pins (no active scene connections)
2025-08-23 18:38:06,299 INFO 🔌 Calculating current for displayed modules: {1, 2, 3}
2025-08-23 18:38:06,299 INFO 🔌 Total Current: 0.00 A from 0 VCC pins
2025-08-23 18:38:06,301 INFO 🔌 Total Current: 0.00 A from 0 VCC pins (no active scene connections)
2025-08-23 18:38:06,303 INFO 🔌 Calculating current for displayed modules: {1, 2, 3}
2025-08-23 18:38:06,303 INFO 🔌 Total Current: 0.00 A from 0 VCC pins
2025-08-23 18:38:06,307 INFO 🔌 Total Current: 0.00 A from 0 VCC pins (no active scene connections)
2025-08-23 18:38:06,309 INFO 🔌 Calculating current for displayed modules: {1, 2, 3}
2025-08-23 18:38:06,309 INFO 🔌 Total Current: 0.00 A from 0 VCC pins
2025-08-23 18:38:06,317 INFO 🔌 Total Current: 0.00 A from 0 VCC pins (no active scene connections)
2025-08-23 18:38:06,320 INFO 🔌 Calculating current for displayed modules: {1, 2, 3}
2025-08-23 18:38:06,320 INFO 🔌 Total Current: 0.00 A from 0 VCC pins
2025-08-23 18:38:06,322 INFO 🔌 Total Current: 0.00 A from 0 VCC pins (no active scene connections)
2025-08-23 18:38:06,324 INFO 🔌 Calculating current for displayed modules: {1, 2, 3}
2025-08-23 18:38:06,324 INFO 🔌 Total Current: 0.00 A from 0 VCC pins
2025-08-23 18:41:31,585 INFO 🧩 Active scene interfaces detected: NONE
2025-08-23 18:41:31,585 INFO 🔌 Total Current: 0.00 A from 0 VCC pins (no active scene connections)
2025-08-23 18:41:33,162 INFO 🧩 Active scene interfaces detected: NONE
2025-08-23 18:41:33,163 INFO 🔌 Total Current: 0.00 A from 0 VCC pins (no active scene connections)
2025-08-23 18:41:33,164 INFO 🧩 Active scene interfaces detected: NONE
2025-08-23 18:41:33,164 INFO 🔌 Total Current: 0.00 A from 0 VCC pins (no active scene connections)
2025-08-23 18:41:35,308 INFO 🧩 Active scene interfaces detected: [1, 2]
2025-08-23 18:41:35,308 INFO 🔌 Calculating current for displayed modules: {1} (interfaces in scene: [1, 2])
2025-08-23 18:41:35,309 INFO 🧪 No VCC pins matched for active scene interfaces.
2025-08-23 18:41:35,309 INFO 🔌 Total Current: 0.00 A from 0 VCC pins
2025-08-23 18:41:35,311 INFO 🧩 Active scene interfaces detected: [1, 2]
2025-08-23 18:41:35,311 INFO 🔌 Calculating current for displayed modules: {1} (interfaces in scene: [1, 2])
2025-08-23 18:41:35,311 INFO 🧪 No VCC pins matched for active scene interfaces.
2025-08-23 18:41:35,312 INFO 🔌 Total Current: 0.00 A from 0 VCC pins
2025-08-23 18:41:35,314 INFO 🧩 Active scene interfaces detected: [1, 2]
2025-08-23 18:41:35,315 INFO 🔌 Calculating current for displayed modules: {1} (interfaces in scene: [1, 2])
2025-08-23 18:41:35,315 INFO 🧪 No VCC pins matched for active scene interfaces.
2025-08-23 18:41:35,315 INFO 🔌 Total Current: 0.00 A from 0 VCC pins
2025-08-23 18:41:35,316 INFO 🧩 Active scene interfaces detected: [1, 2]
2025-08-23 18:41:35,316 INFO 🔌 Calculating current for displayed modules: {1} (interfaces in scene: [1, 2])
2025-08-23 18:41:35,317 INFO 🧪 No VCC pins matched for active scene interfaces.
2025-08-23 18:41:35,317 INFO 🔌 Total Current: 0.00 A from 0 VCC pins
2025-08-23 18:41:35,320 INFO 🧩 Active scene interfaces detected: [1, 2]
2025-08-23 18:41:35,320 INFO 🔌 Calculating current for displayed modules: {1} (interfaces in scene: [1, 2])
2025-08-23 18:41:35,320 INFO 🧪 No VCC pins matched for active scene interfaces.
2025-08-23 18:41:35,320 INFO 🔌 Total Current: 0.00 A from 0 VCC pins
2025-08-23 18:41:35,321 INFO 🧩 Active scene interfaces detected: [1, 2]
2025-08-23 18:41:35,321 INFO 🔌 Calculating current for displayed modules: {1} (interfaces in scene: [1, 2])
2025-08-23 18:41:35,322 INFO 🧪 No VCC pins matched for active scene interfaces.
2025-08-23 18:41:35,322 INFO 🔌 Total Current: 0.00 A from 0 VCC pins
2025-08-23 18:41:35,324 INFO 🧩 Active scene interfaces detected: [1, 2]
2025-08-23 18:41:35,324 INFO 🔌 Calculating current for displayed modules: {1} (interfaces in scene: [1, 2])
2025-08-23 18:41:35,324 INFO 🧪 No VCC pins matched for active scene interfaces.
2025-08-23 18:41:35,324 INFO 🔌 Total Current: 0.00 A from 0 VCC pins
2025-08-23 18:41:35,325 INFO 🧩 Active scene interfaces detected: [1, 2]
2025-08-23 18:41:35,325 INFO 🔌 Calculating current for displayed modules: {1} (interfaces in scene: [1, 2])
2025-08-23 18:41:35,326 INFO 🧪 No VCC pins matched for active scene interfaces.
2025-08-23 18:41:35,326 INFO 🔌 Total Current: 0.00 A from 0 VCC pins
2025-08-23 18:41:35,328 INFO 🧩 Active scene interfaces detected: [1, 2]
2025-08-23 18:41:35,328 INFO 🔌 Calculating current for displayed modules: {1} (interfaces in scene: [1, 2])
2025-08-23 18:41:35,328 INFO 🧪 No VCC pins matched for active scene interfaces.
2025-08-23 18:41:35,328 INFO 🔌 Total Current: 0.00 A from 0 VCC pins
2025-08-23 18:41:35,329 INFO 🧩 Active scene interfaces detected: [1, 2]
2025-08-23 18:41:35,329 INFO 🔌 Calculating current for displayed modules: {1} (interfaces in scene: [1, 2])
2025-08-23 18:41:35,329 INFO 🧪 No VCC pins matched for active scene interfaces.
2025-08-23 18:41:35,329 INFO 🔌 Total Current: 0.00 A from 0 VCC pins
2025-08-23 18:41:35,335 INFO 🧩 Active scene interfaces detected: [1, 2, 3, 4, 5, 6, 7, 8]
2025-08-23 18:41:35,335 INFO 🔌 Calculating current for displayed modules: {1, 2, 3} (interfaces in scene: [1, 2, 3, 4, 5, 6, 7, 8])
2025-08-23 18:41:35,336 INFO 🧪 No VCC pins matched for active scene interfaces.
2025-08-23 18:41:35,336 INFO 🔌 Total Current: 0.00 A from 0 VCC pins
2025-08-23 18:41:35,343 INFO 🧩 Active scene interfaces detected: [14, 15, 16, 17, 18]
2025-08-23 18:41:35,343 INFO 🔌 Calculating current for displayed modules: {1, 2, 3} (interfaces in scene: [14, 15, 16, 17, 18])
2025-08-23 18:41:35,343 INFO 🧪 No VCC pins matched for active scene interfaces.
2025-08-23 18:41:35,343 INFO 🔌 Total Current: 0.00 A from 0 VCC pins
2025-08-23 18:41:35,347 INFO 🧩 Active scene interfaces detected: [1, 2, 3, 4, 5, 6, 7, 8]
2025-08-23 18:41:35,347 INFO 🔌 Calculating current for displayed modules: {1, 2, 3} (interfaces in scene: [1, 2, 3, 4, 5, 6, 7, 8])
2025-08-23 18:41:35,347 INFO 🧪 No VCC pins matched for active scene interfaces.
2025-08-23 18:41:35,347 INFO 🔌 Total Current: 0.00 A from 0 VCC pins
2025-08-23 18:41:35,350 INFO 🧩 Active scene interfaces detected: [14, 15, 16, 17, 18]
2025-08-23 18:41:35,350 INFO 🔌 Calculating current for displayed modules: {1, 2, 3} (interfaces in scene: [14, 15, 16, 17, 18])
2025-08-23 18:41:35,350 INFO 🧪 No VCC pins matched for active scene interfaces.
2025-08-23 18:41:35,350 INFO 🔌 Total Current: 0.00 A from 0 VCC pins
2025-08-23 18:41:35,353 INFO 🧩 Active scene interfaces detected: [1, 2, 3, 4, 5, 6, 7, 8]
2025-08-23 18:41:35,353 INFO 🔌 Calculating current for displayed modules: {1, 2, 3} (interfaces in scene: [1, 2, 3, 4, 5, 6, 7, 8])
2025-08-23 18:41:35,353 INFO 🧪 No VCC pins matched for active scene interfaces.
2025-08-23 18:41:35,353 INFO 🔌 Total Current: 0.00 A from 0 VCC pins
2025-08-23 18:41:35,356 INFO 🧩 Active scene interfaces detected: [14, 15, 16, 17, 18]
2025-08-23 18:41:35,356 INFO 🔌 Calculating current for displayed modules: {1, 2, 3} (interfaces in scene: [14, 15, 16, 17, 18])
2025-08-23 18:41:35,356 INFO 🧪 No VCC pins matched for active scene interfaces.
2025-08-23 18:41:35,356 INFO 🔌 Total Current: 0.00 A from 0 VCC pins
2025-08-23 18:41:35,359 INFO 🧩 Active scene interfaces detected: [1, 2, 3, 4, 5, 6, 7, 8]
2025-08-23 18:41:35,359 INFO 🔌 Calculating current for displayed modules: {1, 2, 3} (interfaces in scene: [1, 2, 3, 4, 5, 6, 7, 8])
2025-08-23 18:41:35,359 INFO 🧪 No VCC pins matched for active scene interfaces.
2025-08-23 18:41:35,359 INFO 🔌 Total Current: 0.00 A from 0 VCC pins
2025-08-23 18:41:35,362 INFO 🧩 Active scene interfaces detected: [14, 15, 16, 17, 18]
2025-08-23 18:41:35,362 INFO 🔌 Calculating current for displayed modules: {1, 2, 3} (interfaces in scene: [14, 15, 16, 17, 18])
2025-08-23 18:41:35,362 INFO 🧪 No VCC pins matched for active scene interfaces.
2025-08-23 18:41:35,362 INFO 🔌 Total Current: 0.00 A from 0 VCC pins
2025-08-23 18:41:35,364 INFO 🧩 Active scene interfaces detected: [1, 2, 3, 4, 5, 6, 7, 8]
2025-08-23 18:41:35,364 INFO 🔌 Calculating current for displayed modules: {1, 2, 3} (interfaces in scene: [1, 2, 3, 4, 5, 6, 7, 8])
2025-08-23 18:41:35,365 INFO 🧪 No VCC pins matched for active scene interfaces.
2025-08-23 18:41:35,365 INFO 🔌 Total Current: 0.00 A from 0 VCC pins
2025-08-23 18:41:35,367 INFO 🧩 Active scene interfaces detected: [14, 15, 16, 17, 18]
2025-08-23 18:41:35,367 INFO 🔌 Calculating current for displayed modules: {1, 2, 3} (interfaces in scene: [14, 15, 16, 17, 18])
2025-08-23 18:41:35,367 INFO 🧪 No VCC pins matched for active scene interfaces.
2025-08-23 18:41:35,367 INFO 🔌 Total Current: 0.00 A from 0 VCC pins
2025-08-23 18:41:35,370 INFO 🧩 Active scene interfaces detected: [1, 2, 3, 4, 5, 6, 7, 8]
2025-08-23 18:41:35,370 INFO 🔌 Calculating current for displayed modules: {1, 2, 3} (interfaces in scene: [1, 2, 3, 4, 5, 6, 7, 8])
2025-08-23 18:41:35,370 INFO 🧪 No VCC pins matched for active scene interfaces.
2025-08-23 18:41:35,370 INFO 🔌 Total Current: 0.00 A from 0 VCC pins
2025-08-23 18:41:35,372 INFO 🧩 Active scene interfaces detected: [14, 15, 16, 17, 18]
2025-08-23 18:41:35,372 INFO 🔌 Calculating current for displayed modules: {1, 2, 3} (interfaces in scene: [14, 15, 16, 17, 18])
2025-08-23 18:41:35,373 INFO 🧪 No VCC pins matched for active scene interfaces.
2025-08-23 18:41:35,373 INFO 🔌 Total Current: 0.00 A from 0 VCC pins
2025-08-23 18:41:35,375 INFO 🧩 Active scene interfaces detected: [1, 2, 3, 4, 5, 6, 7, 8]
2025-08-23 18:41:35,375 INFO 🔌 Calculating current for displayed modules: {1, 2, 3} (interfaces in scene: [1, 2, 3, 4, 5, 6, 7, 8])
2025-08-23 18:41:35,376 INFO 🧪 No VCC pins matched for active scene interfaces.
2025-08-23 18:41:35,376 INFO 🔌 Total Current: 0.00 A from 0 VCC pins
2025-08-23 18:41:35,378 INFO 🧩 Active scene interfaces detected: [14, 15, 16, 17, 18]
2025-08-23 18:41:35,378 INFO 🔌 Calculating current for displayed modules: {1, 2, 3} (interfaces in scene: [14, 15, 16, 17, 18])
2025-08-23 18:41:35,378 INFO 🧪 No VCC pins matched for active scene interfaces.
2025-08-23 18:41:35,378 INFO 🔌 Total Current: 0.00 A from 0 VCC pins
2025-08-23 18:41:35,381 INFO 🧩 Active scene interfaces detected: [1, 2, 3, 4, 5, 6, 7, 8]
2025-08-23 18:41:35,381 INFO 🔌 Calculating current for displayed modules: {1, 2, 3} (interfaces in scene: [1, 2, 3, 4, 5, 6, 7, 8])
2025-08-23 18:41:35,381 INFO 🧪 No VCC pins matched for active scene interfaces.
2025-08-23 18:41:35,381 INFO 🔌 Total Current: 0.00 A from 0 VCC pins
2025-08-23 18:41:35,385 INFO 🧩 Active scene interfaces detected: [14, 15, 16, 17, 18]
2025-08-23 18:41:35,385 INFO 🔌 Calculating current for displayed modules: {1, 2, 3} (interfaces in scene: [14, 15, 16, 17, 18])
2025-08-23 18:41:35,385 INFO 🧪 No VCC pins matched for active scene interfaces.
2025-08-23 18:41:35,385 INFO 🔌 Total Current: 0.00 A from 0 VCC pins
2025-08-23 18:41:35,387 INFO 🧩 Active scene interfaces detected: [1, 2, 3, 4, 5, 6, 7, 8]
2025-08-23 18:41:35,387 INFO 🔌 Calculating current for displayed modules: {1, 2, 3} (interfaces in scene: [1, 2, 3, 4, 5, 6, 7, 8])
2025-08-23 18:41:35,388 INFO 🧪 No VCC pins matched for active scene interfaces.
2025-08-23 18:41:35,388 INFO 🔌 Total Current: 0.00 A from 0 VCC pins
2025-08-23 18:41:35,391 INFO 🧩 Active scene interfaces detected: [14, 15, 16, 17, 18]
2025-08-23 18:41:35,391 INFO 🔌 Calculating current for displayed modules: {1, 2, 3} (interfaces in scene: [14, 15, 16, 17, 18])
2025-08-23 18:41:35,391 INFO 🧪 No VCC pins matched for active scene interfaces.
2025-08-23 18:41:35,391 INFO 🔌 Total Current: 0.00 A from 0 VCC pins
2025-08-23 18:41:35,394 INFO 🧩 Active scene interfaces detected: [1, 2, 3, 4, 5, 6, 7, 8]
2025-08-23 18:41:35,394 INFO 🔌 Calculating current for displayed modules: {1, 2, 3} (interfaces in scene: [1, 2, 3, 4, 5, 6, 7, 8])
2025-08-23 18:41:35,394 INFO 🧪 No VCC pins matched for active scene interfaces.
2025-08-23 18:41:35,394 INFO 🔌 Total Current: 0.00 A from 0 VCC pins
2025-08-23 18:41:35,396 INFO 🧩 Active scene interfaces detected: [14, 15, 16, 17, 18]
2025-08-23 18:41:35,396 INFO 🔌 Calculating current for displayed modules: {1, 2, 3} (interfaces in scene: [14, 15, 16, 17, 18])
2025-08-23 18:41:35,396 INFO 🧪 No VCC pins matched for active scene interfaces.
2025-08-23 18:41:35,396 INFO 🔌 Total Current: 0.00 A from 0 VCC pins
2025-08-23 18:41:35,399 INFO 🧩 Active scene interfaces detected: [1, 2, 3, 4, 5, 6, 7, 8]
2025-08-23 18:41:35,399 INFO 🔌 Calculating current for displayed modules: {1, 2, 3} (interfaces in scene: [1, 2, 3, 4, 5, 6, 7, 8])
2025-08-23 18:41:35,399 INFO 🧪 No VCC pins matched for active scene interfaces.
2025-08-23 18:41:35,399 INFO 🔌 Total Current: 0.00 A from 0 VCC pins
2025-08-23 18:41:35,401 INFO 🧩 Active scene interfaces detected: [14, 15, 16, 17, 18]
2025-08-23 18:41:35,401 INFO 🔌 Calculating current for displayed modules: {1, 2, 3} (interfaces in scene: [14, 15, 16, 17, 18])
2025-08-23 18:41:35,402 INFO 🧪 No VCC pins matched for active scene interfaces.
2025-08-23 18:41:35,402 INFO 🔌 Total Current: 0.00 A from 0 VCC pins
2025-08-23 18:41:35,404 INFO 🧩 Active scene interfaces detected: [1, 2, 3, 4, 5, 6, 7, 8]
2025-08-23 18:41:35,404 INFO 🔌 Calculating current for displayed modules: {1, 2, 3} (interfaces in scene: [1, 2, 3, 4, 5, 6, 7, 8])
2025-08-23 18:41:35,404 INFO 🧪 No VCC pins matched for active scene interfaces.
2025-08-23 18:41:35,404 INFO 🔌 Total Current: 0.00 A from 0 VCC pins
2025-08-23 18:41:35,406 INFO 🧩 Active scene interfaces detected: [14, 15, 16, 17, 18]
2025-08-23 18:41:35,406 INFO 🔌 Calculating current for displayed modules: {1, 2, 3} (interfaces in scene: [14, 15, 16, 17, 18])
2025-08-23 18:41:35,406 INFO 🧪 No VCC pins matched for active scene interfaces.
2025-08-23 18:41:35,406 INFO 🔌 Total Current: 0.00 A from 0 VCC pins
2025-08-23 18:41:35,409 INFO 🧩 Active scene interfaces detected: [1, 2, 3, 4, 5, 6, 7, 8]
2025-08-23 18:41:35,409 INFO 🔌 Calculating current for displayed modules: {1, 2, 3} (interfaces in scene: [1, 2, 3, 4, 5, 6, 7, 8])
2025-08-23 18:41:35,409 INFO 🧪 No VCC pins matched for active scene interfaces.
2025-08-23 18:41:35,409 INFO 🔌 Total Current: 0.00 A from 0 VCC pins
2025-08-23 18:41:35,411 INFO 🧩 Active scene interfaces detected: [14, 15, 16, 17, 18]
2025-08-23 18:41:35,411 INFO 🔌 Calculating current for displayed modules: {1, 2, 3} (interfaces in scene: [14, 15, 16, 17, 18])
2025-08-23 18:41:35,411 INFO 🧪 No VCC pins matched for active scene interfaces.
2025-08-23 18:41:35,411 INFO 🔌 Total Current: 0.00 A from 0 VCC pins
2025-08-23 18:41:35,414 INFO 🧩 Active scene interfaces detected: [1, 2, 3, 4, 5, 6, 7, 8]
2025-08-23 18:41:35,414 INFO 🔌 Calculating current for displayed modules: {1, 2, 3} (interfaces in scene: [1, 2, 3, 4, 5, 6, 7, 8])
2025-08-23 18:41:35,414 INFO 🧪 No VCC pins matched for active scene interfaces.
2025-08-23 18:41:35,414 INFO 🔌 Total Current: 0.00 A from 0 VCC pins
2025-08-23 18:41:35,416 INFO 🧩 Active scene interfaces detected: [14, 15, 16, 17, 18]
2025-08-23 18:41:35,416 INFO 🔌 Calculating current for displayed modules: {1, 2, 3} (interfaces in scene: [14, 15, 16, 17, 18])
2025-08-23 18:41:35,416 INFO 🧪 No VCC pins matched for active scene interfaces.
2025-08-23 18:41:35,416 INFO 🔌 Total Current: 0.00 A from 0 VCC pins
2025-08-23 18:41:35,419 INFO 🧩 Active scene interfaces detected: [1, 2, 3, 4, 5, 6, 7, 8]
2025-08-23 18:41:35,419 INFO 🔌 Calculating current for displayed modules: {1, 2, 3} (interfaces in scene: [1, 2, 3, 4, 5, 6, 7, 8])
2025-08-23 18:41:35,419 INFO 🧪 No VCC pins matched for active scene interfaces.
2025-08-23 18:41:35,419 INFO 🔌 Total Current: 0.00 A from 0 VCC pins
2025-08-23 18:41:35,421 INFO 🧩 Active scene interfaces detected: [14, 15, 16, 17, 18]
2025-08-23 18:41:35,421 INFO 🔌 Calculating current for displayed modules: {1, 2, 3} (interfaces in scene: [14, 15, 16, 17, 18])
2025-08-23 18:41:35,422 INFO 🧪 No VCC pins matched for active scene interfaces.
2025-08-23 18:41:35,422 INFO 🔌 Total Current: 0.00 A from 0 VCC pins
2025-08-23 18:41:35,424 INFO 🧩 Active scene interfaces detected: [1, 2, 3, 4, 5, 6, 7, 8]
2025-08-23 18:41:35,424 INFO 🔌 Calculating current for displayed modules: {1, 2, 3} (interfaces in scene: [1, 2, 3, 4, 5, 6, 7, 8])
2025-08-23 18:41:35,424 INFO 🧪 No VCC pins matched for active scene interfaces.
2025-08-23 18:41:35,424 INFO 🔌 Total Current: 0.00 A from 0 VCC pins
2025-08-23 18:41:35,426 INFO 🧩 Active scene interfaces detected: [14, 15, 16, 17, 18]
2025-08-23 18:41:35,426 INFO 🔌 Calculating current for displayed modules: {1, 2, 3} (interfaces in scene: [14, 15, 16, 17, 18])
2025-08-23 18:41:35,427 INFO 🧪 No VCC pins matched for active scene interfaces.
2025-08-23 18:41:35,427 INFO 🔌 Total Current: 0.00 A from 0 VCC pins
2025-08-23 18:41:35,429 INFO 🧩 Active scene interfaces detected: [1, 2, 3, 4, 5, 6, 7, 8]
2025-08-23 18:41:35,429 INFO 🔌 Calculating current for displayed modules: {1, 2, 3} (interfaces in scene: [1, 2, 3, 4, 5, 6, 7, 8])
2025-08-23 18:41:35,429 INFO 🧪 No VCC pins matched for active scene interfaces.
2025-08-23 18:41:35,429 INFO 🔌 Total Current: 0.00 A from 0 VCC pins
2025-08-23 18:41:35,431 INFO 🧩 Active scene interfaces detected: [14, 15, 16, 17, 18]
2025-08-23 18:41:35,431 INFO 🔌 Calculating current for displayed modules: {1, 2, 3} (interfaces in scene: [14, 15, 16, 17, 18])
2025-08-23 18:41:35,431 INFO 🧪 No VCC pins matched for active scene interfaces.
2025-08-23 18:41:35,431 INFO 🔌 Total Current: 0.00 A from 0 VCC pins
2025-08-23 18:41:35,434 INFO 🧩 Active scene interfaces detected: [1, 2, 3, 4, 5, 6, 7, 8]
2025-08-23 18:41:35,434 INFO 🔌 Calculating current for displayed modules: {1, 2, 3} (interfaces in scene: [1, 2, 3, 4, 5, 6, 7, 8])
2025-08-23 18:41:35,434 INFO 🧪 No VCC pins matched for active scene interfaces.
2025-08-23 18:41:35,434 INFO 🔌 Total Current: 0.00 A from 0 VCC pins
2025-08-23 18:41:35,437 INFO 🧩 Active scene interfaces detected: [14, 15, 16, 17, 18]
2025-08-23 18:41:35,437 INFO 🔌 Calculating current for displayed modules: {1, 2, 3} (interfaces in scene: [14, 15, 16, 17, 18])
2025-08-23 18:41:35,437 INFO 🧪 No VCC pins matched for active scene interfaces.
2025-08-23 18:41:35,437 INFO 🔌 Total Current: 0.00 A from 0 VCC pins
2025-08-23 18:41:35,440 INFO 🧩 Active scene interfaces detected: [1, 2, 3, 4, 5, 6, 7, 8]
2025-08-23 18:41:35,440 INFO 🔌 Calculating current for displayed modules: {1, 2, 3} (interfaces in scene: [1, 2, 3, 4, 5, 6, 7, 8])
2025-08-23 18:41:35,440 INFO 🧪 No VCC pins matched for active scene interfaces.
2025-08-23 18:41:35,440 INFO 🔌 Total Current: 0.00 A from 0 VCC pins
2025-08-23 18:41:35,442 INFO 🧩 Active scene interfaces detected: [14, 15, 16, 17, 18]
2025-08-23 18:41:35,442 INFO 🔌 Calculating current for displayed modules: {1, 2, 3} (interfaces in scene: [14, 15, 16, 17, 18])
2025-08-23 18:41:35,442 INFO 🧪 No VCC pins matched for active scene interfaces.
2025-08-23 18:41:35,442 INFO 🔌 Total Current: 0.00 A from 0 VCC pins
2025-08-23 18:41:35,444 INFO 🧩 Active scene interfaces detected: [1, 2, 3, 4, 5, 6, 7, 8]
2025-08-23 18:41:35,444 INFO 🔌 Calculating current for displayed modules: {1, 2, 3} (interfaces in scene: [1, 2, 3, 4, 5, 6, 7, 8])
2025-08-23 18:41:35,444 INFO 🧪 No VCC pins matched for active scene interfaces.
2025-08-23 18:41:35,444 INFO 🔌 Total Current: 0.00 A from 0 VCC pins
2025-08-23 18:41:35,446 INFO 🧩 Active scene interfaces detected: [14, 15, 16, 17, 18]
2025-08-23 18:41:35,446 INFO 🔌 Calculating current for displayed modules: {1, 2, 3} (interfaces in scene: [14, 15, 16, 17, 18])
2025-08-23 18:41:35,447 INFO 🧪 No VCC pins matched for active scene interfaces.
2025-08-23 18:41:35,447 INFO 🔌 Total Current: 0.00 A from 0 VCC pins
2025-08-23 18:41:35,449 INFO 🧩 Active scene interfaces detected: [1, 2, 3, 4, 5, 6, 7, 8]
2025-08-23 18:41:35,449 INFO 🔌 Calculating current for displayed modules: {1, 2, 3} (interfaces in scene: [1, 2, 3, 4, 5, 6, 7, 8])
2025-08-23 18:41:35,449 INFO 🧪 No VCC pins matched for active scene interfaces.
2025-08-23 18:41:35,449 INFO 🔌 Total Current: 0.00 A from 0 VCC pins
2025-08-23 18:41:35,451 INFO 🧩 Active scene interfaces detected: [14, 15, 16, 17, 18]
2025-08-23 18:41:35,451 INFO 🔌 Calculating current for displayed modules: {1, 2, 3} (interfaces in scene: [14, 15, 16, 17, 18])
2025-08-23 18:41:35,451 INFO 🧪 No VCC pins matched for active scene interfaces.
2025-08-23 18:41:35,451 INFO 🔌 Total Current: 0.00 A from 0 VCC pins
2025-08-23 18:41:35,453 INFO 🧩 Active scene interfaces detected: [1, 2, 3, 4, 5, 6, 7, 8]
2025-08-23 18:41:35,453 INFO 🔌 Calculating current for displayed modules: {1, 2, 3} (interfaces in scene: [1, 2, 3, 4, 5, 6, 7, 8])
2025-08-23 18:41:35,453 INFO 🧪 No VCC pins matched for active scene interfaces.
2025-08-23 18:41:35,453 INFO 🔌 Total Current: 0.00 A from 0 VCC pins
2025-08-23 18:41:35,455 INFO 🧩 Active scene interfaces detected: [14, 15, 16, 17, 18]
2025-08-23 18:41:35,455 INFO 🔌 Calculating current for displayed modules: {1, 2, 3} (interfaces in scene: [14, 15, 16, 17, 18])
2025-08-23 18:41:35,455 INFO 🧪 No VCC pins matched for active scene interfaces.
2025-08-23 18:41:35,455 INFO 🔌 Total Current: 0.00 A from 0 VCC pins
2025-08-23 18:41:35,457 INFO 🧩 Active scene interfaces detected: [1, 2, 3, 4, 5, 6, 7, 8]
2025-08-23 18:41:35,457 INFO 🔌 Calculating current for displayed modules: {1, 2, 3} (interfaces in scene: [1, 2, 3, 4, 5, 6, 7, 8])
2025-08-23 18:41:35,457 INFO 🧪 No VCC pins matched for active scene interfaces.
2025-08-23 18:41:35,457 INFO 🔌 Total Current: 0.00 A from 0 VCC pins
2025-08-23 18:41:35,459 INFO 🧩 Active scene interfaces detected: [14, 15, 16, 17, 18]
2025-08-23 18:41:35,459 INFO 🔌 Calculating current for displayed modules: {1, 2, 3} (interfaces in scene: [14, 15, 16, 17, 18])
2025-08-23 18:41:35,459 INFO 🧪 No VCC pins matched for active scene interfaces.
2025-08-23 18:41:35,460 INFO 🔌 Total Current: 0.00 A from 0 VCC pins
2025-08-23 18:41:35,461 INFO 🧩 Active scene interfaces detected: [1, 2, 3, 4, 5, 6, 7, 8]
2025-08-23 18:41:35,461 INFO 🔌 Calculating current for displayed modules: {1, 2, 3} (interfaces in scene: [1, 2, 3, 4, 5, 6, 7, 8])
2025-08-23 18:41:35,462 INFO 🧪 No VCC pins matched for active scene interfaces.
2025-08-23 18:41:35,462 INFO 🔌 Total Current: 0.00 A from 0 VCC pins
2025-08-23 18:41:35,464 INFO 🧩 Active scene interfaces detected: [14, 15, 16, 17, 18]
2025-08-23 18:41:35,464 INFO 🔌 Calculating current for displayed modules: {1, 2, 3} (interfaces in scene: [14, 15, 16, 17, 18])
2025-08-23 18:41:35,464 INFO 🧪 No VCC pins matched for active scene interfaces.
2025-08-23 18:41:35,464 INFO 🔌 Total Current: 0.00 A from 0 VCC pins
2025-08-23 18:41:35,466 INFO 🧩 Active scene interfaces detected: [1, 2, 3, 4, 5, 6, 7, 8]
2025-08-23 18:41:35,466 INFO 🔌 Calculating current for displayed modules: {1, 2, 3} (interfaces in scene: [1, 2, 3, 4, 5, 6, 7, 8])
2025-08-23 18:41:35,467 INFO 🧪 No VCC pins matched for active scene interfaces.
2025-08-23 18:41:35,467 INFO 🔌 Total Current: 0.00 A from 0 VCC pins
2025-08-23 18:41:35,469 INFO 🧩 Active scene interfaces detected: [14, 15, 16, 17, 18]
2025-08-23 18:41:35,469 INFO 🔌 Calculating current for displayed modules: {1, 2, 3} (interfaces in scene: [14, 15, 16, 17, 18])
2025-08-23 18:41:35,469 INFO 🧪 No VCC pins matched for active scene interfaces.
2025-08-23 18:41:35,469 INFO 🔌 Total Current: 0.00 A from 0 VCC pins
2025-08-23 18:41:35,472 INFO 🧩 Active scene interfaces detected: [1, 2, 3, 4, 5, 6, 7, 8]
2025-08-23 18:41:35,472 INFO 🔌 Calculating current for displayed modules: {1, 2, 3} (interfaces in scene: [1, 2, 3, 4, 5, 6, 7, 8])
2025-08-23 18:41:35,472 INFO 🧪 No VCC pins matched for active scene interfaces.
2025-08-23 18:41:35,472 INFO 🔌 Total Current: 0.00 A from 0 VCC pins
2025-08-23 18:41:35,474 INFO 🧩 Active scene interfaces detected: [14, 15, 16, 17, 18]
2025-08-23 18:41:35,474 INFO 🔌 Calculating current for displayed modules: {1, 2, 3} (interfaces in scene: [14, 15, 16, 17, 18])
2025-08-23 18:41:35,474 INFO 🧪 No VCC pins matched for active scene interfaces.
2025-08-23 18:41:35,474 INFO 🔌 Total Current: 0.00 A from 0 VCC pins
2025-08-23 18:41:35,476 INFO 🧩 Active scene interfaces detected: [1, 2, 3, 4, 5, 6, 7, 8]
2025-08-23 18:41:35,476 INFO 🔌 Calculating current for displayed modules: {1, 2, 3} (interfaces in scene: [1, 2, 3, 4, 5, 6, 7, 8])
2025-08-23 18:41:35,477 INFO 🧪 No VCC pins matched for active scene interfaces.
2025-08-23 18:41:35,477 INFO 🔌 Total Current: 0.00 A from 0 VCC pins
2025-08-23 18:41:35,479 INFO 🧩 Active scene interfaces detected: [14, 15, 16, 17, 18]
2025-08-23 18:41:35,479 INFO 🔌 Calculating current for displayed modules: {1, 2, 3} (interfaces in scene: [14, 15, 16, 17, 18])
2025-08-23 18:41:35,479 INFO 🧪 No VCC pins matched for active scene interfaces.
2025-08-23 18:41:35,479 INFO 🔌 Total Current: 0.00 A from 0 VCC pins
2025-08-23 18:41:35,481 INFO 🧩 Active scene interfaces detected: [1, 2, 3, 4, 5, 6, 7, 8]
2025-08-23 18:41:35,481 INFO 🔌 Calculating current for displayed modules: {1, 2, 3} (interfaces in scene: [1, 2, 3, 4, 5, 6, 7, 8])
2025-08-23 18:41:35,481 INFO 🧪 No VCC pins matched for active scene interfaces.
2025-08-23 18:41:35,481 INFO 🔌 Total Current: 0.00 A from 0 VCC pins
2025-08-23 18:41:35,483 INFO 🧩 Active scene interfaces detected: [14, 15, 16, 17, 18]
2025-08-23 18:41:35,483 INFO 🔌 Calculating current for displayed modules: {1, 2, 3} (interfaces in scene: [14, 15, 16, 17, 18])
2025-08-23 18:41:35,483 INFO 🧪 No VCC pins matched for active scene interfaces.
2025-08-23 18:41:35,483 INFO 🔌 Total Current: 0.00 A from 0 VCC pins
2025-08-23 18:41:35,486 INFO 🧩 Active scene interfaces detected: [1, 2, 3, 4, 5, 6, 7, 8]
2025-08-23 18:41:35,486 INFO 🔌 Calculating current for displayed modules: {1, 2, 3} (interfaces in scene: [1, 2, 3, 4, 5, 6, 7, 8])
2025-08-23 18:41:35,487 INFO 🧪 No VCC pins matched for active scene interfaces.
2025-08-23 18:41:35,487 INFO 🔌 Total Current: 0.00 A from 0 VCC pins
2025-08-23 18:41:35,489 INFO 🧩 Active scene interfaces detected: [14, 15, 16, 17, 18]
2025-08-23 18:41:35,489 INFO 🔌 Calculating current for displayed modules: {1, 2, 3} (interfaces in scene: [14, 15, 16, 17, 18])
2025-08-23 18:41:35,489 INFO 🧪 No VCC pins matched for active scene interfaces.
2025-08-23 18:41:35,489 INFO 🔌 Total Current: 0.00 A from 0 VCC pins
2025-08-23 18:41:35,496 INFO 🧩 Active scene interfaces detected: [1, 2, 3, 4, 5, 6, 7, 8]
2025-08-23 18:41:35,496 INFO 🔌 Calculating current for displayed modules: {1, 2, 3} (interfaces in scene: [1, 2, 3, 4, 5, 6, 7, 8])
2025-08-23 18:41:35,497 INFO 🧪 No VCC pins matched for active scene interfaces.
2025-08-23 18:41:35,497 INFO 🔌 Total Current: 0.00 A from 0 VCC pins
2025-08-23 18:41:35,499 INFO 🧩 Active scene interfaces detected: [14, 15, 16, 17, 18]
2025-08-23 18:41:35,499 INFO 🔌 Calculating current for displayed modules: {1, 2, 3} (interfaces in scene: [14, 15, 16, 17, 18])
2025-08-23 18:41:35,499 INFO 🧪 No VCC pins matched for active scene interfaces.
2025-08-23 18:41:35,499 INFO 🔌 Total Current: 0.00 A from 0 VCC pins
2025-08-23 18:41:35,501 INFO 🧩 Active scene interfaces detected: [1, 2, 3, 4, 5, 6, 7, 8]
2025-08-23 18:41:35,501 INFO 🔌 Calculating current for displayed modules: {1, 2, 3} (interfaces in scene: [1, 2, 3, 4, 5, 6, 7, 8])
2025-08-23 18:41:35,501 INFO 🧪 No VCC pins matched for active scene interfaces.
2025-08-23 18:41:35,501 INFO 🔌 Total Current: 0.00 A from 0 VCC pins
2025-08-23 18:41:35,503 INFO 🧩 Active scene interfaces detected: [14, 15, 16, 17, 18]
2025-08-23 18:41:35,503 INFO 🔌 Calculating current for displayed modules: {1, 2, 3} (interfaces in scene: [14, 15, 16, 17, 18])
2025-08-23 18:41:35,503 INFO 🧪 No VCC pins matched for active scene interfaces.
2025-08-23 18:41:35,503 INFO 🔌 Total Current: 0.00 A from 0 VCC pins
2025-08-23 18:44:25,292 INFO 🧩 Active scene interfaces detected: NONE
2025-08-23 18:44:25,292 INFO 🔌 Total Current: 0.00 A from 0 VCC pins (no active scene connections)
2025-08-23 18:44:26,812 INFO 🧩 Active scene interfaces detected: NONE
2025-08-23 18:44:26,812 INFO 🔌 Total Current: 0.00 A from 0 VCC pins (no active scene connections)
2025-08-23 18:44:26,813 INFO 🧩 Active scene interfaces detected: NONE
2025-08-23 18:44:26,813 INFO 🔌 Total Current: 0.00 A from 0 VCC pins (no active scene connections)
2025-08-23 18:44:28,444 INFO 🧩 Active scene interfaces detected: [1, 2]
2025-08-23 18:44:28,445 INFO 🔌 Calculating current for displayed modules: {1} (interfaces in scene: [1, 2])
2025-08-23 18:44:28,445 INFO ❌ Error calculating total current: no such column: c.current
2025-08-23 18:44:28,445 INFO 🧩 Active scene interfaces detected: [1, 2]
2025-08-23 18:44:28,445 INFO 🔌 Calculating current for displayed modules: {1} (interfaces in scene: [1, 2])
2025-08-23 18:44:28,445 INFO ❌ Error calculating total current: no such column: c.current
2025-08-23 18:44:28,446 INFO 🧩 Active scene interfaces detected: [1, 2]
2025-08-23 18:44:28,446 INFO 🔌 Calculating current for displayed modules: {1} (interfaces in scene: [1, 2])
2025-08-23 18:44:28,447 INFO ❌ Error calculating total current: no such column: c.current
2025-08-23 18:44:28,447 INFO 🧩 Active scene interfaces detected: [1, 2]
2025-08-23 18:44:28,447 INFO 🔌 Calculating current for displayed modules: {1} (interfaces in scene: [1, 2])
2025-08-23 18:44:28,447 INFO ❌ Error calculating total current: no such column: c.current
2025-08-23 18:44:28,448 INFO 🧩 Active scene interfaces detected: [1, 2]
2025-08-23 18:44:28,448 INFO 🔌 Calculating current for displayed modules: {1} (interfaces in scene: [1, 2])
2025-08-23 18:44:28,448 INFO ❌ Error calculating total current: no such column: c.current
2025-08-23 18:44:28,448 INFO 🧩 Active scene interfaces detected: [1, 2]
2025-08-23 18:44:28,448 INFO 🔌 Calculating current for displayed modules: {1} (interfaces in scene: [1, 2])
2025-08-23 18:44:28,448 INFO ❌ Error calculating total current: no such column: c.current
2025-08-23 18:44:28,449 INFO 🧩 Active scene interfaces detected: [1, 2]
2025-08-23 18:44:28,449 INFO 🔌 Calculating current for displayed modules: {1} (interfaces in scene: [1, 2])
2025-08-23 18:44:28,449 INFO ❌ Error calculating total current: no such column: c.current
2025-08-23 18:44:28,449 INFO 🧩 Active scene interfaces detected: [1, 2]
2025-08-23 18:44:28,449 INFO 🔌 Calculating current for displayed modules: {1} (interfaces in scene: [1, 2])
2025-08-23 18:44:28,450 INFO ❌ Error calculating total current: no such column: c.current
2025-08-23 18:44:28,450 INFO 🧩 Active scene interfaces detected: [1, 2]
2025-08-23 18:44:28,450 INFO 🔌 Calculating current for displayed modules: {1} (interfaces in scene: [1, 2])
2025-08-23 18:44:28,450 INFO ❌ Error calculating total current: no such column: c.current
2025-08-23 18:44:28,451 INFO 🧩 Active scene interfaces detected: [1, 2]
2025-08-23 18:44:28,451 INFO 🔌 Calculating current for displayed modules: {1} (interfaces in scene: [1, 2])
2025-08-23 18:44:28,451 INFO ❌ Error calculating total current: no such column: c.current
2025-08-23 18:44:28,454 INFO 🧩 Active scene interfaces detected: [1, 2, 3, 4, 5, 6, 7, 8]
2025-08-23 18:44:28,454 INFO 🔌 Calculating current for displayed modules: {1, 2, 3} (interfaces in scene: [1, 2, 3, 4, 5, 6, 7, 8])
2025-08-23 18:44:28,454 INFO ❌ Error calculating total current: no such column: c.current
2025-08-23 18:44:28,458 INFO 🧩 Active scene interfaces detected: [14, 15, 16, 17, 18]
2025-08-23 18:44:28,458 INFO 🔌 Calculating current for displayed modules: {1, 2, 3} (interfaces in scene: [14, 15, 16, 17, 18])
2025-08-23 18:44:28,458 INFO ❌ Error calculating total current: no such column: c.current
2025-08-23 18:44:28,461 INFO 🧩 Active scene interfaces detected: [1, 2, 3, 4, 5, 6, 7, 8]
2025-08-23 18:44:28,461 INFO 🔌 Calculating current for displayed modules: {1, 2, 3} (interfaces in scene: [1, 2, 3, 4, 5, 6, 7, 8])
2025-08-23 18:44:28,462 INFO ❌ Error calculating total current: no such column: c.current
2025-08-23 18:44:28,465 INFO 🧩 Active scene interfaces detected: [14, 15, 16, 17, 18]
2025-08-23 18:44:28,466 INFO 🔌 Calculating current for displayed modules: {1, 2, 3} (interfaces in scene: [14, 15, 16, 17, 18])
2025-08-23 18:44:28,466 INFO ❌ Error calculating total current: no such column: c.current
2025-08-23 18:44:28,469 INFO 🧩 Active scene interfaces detected: [1, 2, 3, 4, 5, 6, 7, 8]
2025-08-23 18:44:28,469 INFO 🔌 Calculating current for displayed modules: {1, 2, 3} (interfaces in scene: [1, 2, 3, 4, 5, 6, 7, 8])
2025-08-23 18:44:28,470 INFO ❌ Error calculating total current: no such column: c.current
2025-08-23 18:44:28,472 INFO 🧩 Active scene interfaces detected: [14, 15, 16, 17, 18]
2025-08-23 18:44:28,472 INFO 🔌 Calculating current for displayed modules: {1, 2, 3} (interfaces in scene: [14, 15, 16, 17, 18])
2025-08-23 18:44:28,473 INFO ❌ Error calculating total current: no such column: c.current
2025-08-23 18:44:28,475 INFO 🧩 Active scene interfaces detected: [1, 2, 3, 4, 5, 6, 7, 8]
2025-08-23 18:44:28,475 INFO 🔌 Calculating current for displayed modules: {1, 2, 3} (interfaces in scene: [1, 2, 3, 4, 5, 6, 7, 8])
2025-08-23 18:44:28,475 INFO ❌ Error calculating total current: no such column: c.current
2025-08-23 18:44:28,477 INFO 🧩 Active scene interfaces detected: [14, 15, 16, 17, 18]
2025-08-23 18:44:28,477 INFO 🔌 Calculating current for displayed modules: {1, 2, 3} (interfaces in scene: [14, 15, 16, 17, 18])
2025-08-23 18:44:28,477 INFO ❌ Error calculating total current: no such column: c.current
2025-08-23 18:44:28,480 INFO 🧩 Active scene interfaces detected: [1, 2, 3, 4, 5, 6, 7, 8]
2025-08-23 18:44:28,480 INFO 🔌 Calculating current for displayed modules: {1, 2, 3} (interfaces in scene: [1, 2, 3, 4, 5, 6, 7, 8])
2025-08-23 18:44:28,480 INFO ❌ Error calculating total current: no such column: c.current
2025-08-23 18:44:28,482 INFO 🧩 Active scene interfaces detected: [14, 15, 16, 17, 18]
2025-08-23 18:44:28,482 INFO 🔌 Calculating current for displayed modules: {1, 2, 3} (interfaces in scene: [14, 15, 16, 17, 18])
2025-08-23 18:44:28,482 INFO ❌ Error calculating total current: no such column: c.current
2025-08-23 18:44:28,484 INFO 🧩 Active scene interfaces detected: [1, 2, 3, 4, 5, 6, 7, 8]
2025-08-23 18:44:28,484 INFO 🔌 Calculating current for displayed modules: {1, 2, 3} (interfaces in scene: [1, 2, 3, 4, 5, 6, 7, 8])
2025-08-23 18:44:28,484 INFO ❌ Error calculating total current: no such column: c.current
2025-08-23 18:44:28,486 INFO 🧩 Active scene interfaces detected: [14, 15, 16, 17, 18]
2025-08-23 18:44:28,486 INFO 🔌 Calculating current for displayed modules: {1, 2, 3} (interfaces in scene: [14, 15, 16, 17, 18])
2025-08-23 18:44:28,487 INFO ❌ Error calculating total current: no such column: c.current
2025-08-23 18:44:28,489 INFO 🧩 Active scene interfaces detected: [1, 2, 3, 4, 5, 6, 7, 8]
2025-08-23 18:44:28,489 INFO 🔌 Calculating current for displayed modules: {1, 2, 3} (interfaces in scene: [1, 2, 3, 4, 5, 6, 7, 8])
2025-08-23 18:44:28,489 INFO ❌ Error calculating total current: no such column: c.current
2025-08-23 18:44:28,491 INFO 🧩 Active scene interfaces detected: [14, 15, 16, 17, 18]
2025-08-23 18:44:28,491 INFO 🔌 Calculating current for displayed modules: {1, 2, 3} (interfaces in scene: [14, 15, 16, 17, 18])
2025-08-23 18:44:28,491 INFO ❌ Error calculating total current: no such column: c.current
2025-08-23 18:44:28,493 INFO 🧩 Active scene interfaces detected: [1, 2, 3, 4, 5, 6, 7, 8]
2025-08-23 18:44:28,493 INFO 🔌 Calculating current for displayed modules: {1, 2, 3} (interfaces in scene: [1, 2, 3, 4, 5, 6, 7, 8])
2025-08-23 18:44:28,493 INFO ❌ Error calculating total current: no such column: c.current
2025-08-23 18:44:28,496 INFO 🧩 Active scene interfaces detected: [14, 15, 16, 17, 18]
2025-08-23 18:44:28,496 INFO 🔌 Calculating current for displayed modules: {1, 2, 3} (interfaces in scene: [14, 15, 16, 17, 18])
2025-08-23 18:44:28,497 INFO ❌ Error calculating total current: no such column: c.current
2025-08-23 18:44:28,499 INFO 🧩 Active scene interfaces detected: [1, 2, 3, 4, 5, 6, 7, 8]
2025-08-23 18:44:28,499 INFO 🔌 Calculating current for displayed modules: {1, 2, 3} (interfaces in scene: [1, 2, 3, 4, 5, 6, 7, 8])
2025-08-23 18:44:28,499 INFO ❌ Error calculating total current: no such column: c.current
2025-08-23 18:44:28,501 INFO 🧩 Active scene interfaces detected: [14, 15, 16, 17, 18]
2025-08-23 18:44:28,501 INFO 🔌 Calculating current for displayed modules: {1, 2, 3} (interfaces in scene: [14, 15, 16, 17, 18])
2025-08-23 18:44:28,501 INFO ❌ Error calculating total current: no such column: c.current
2025-08-23 18:44:28,503 INFO 🧩 Active scene interfaces detected: [1, 2, 3, 4, 5, 6, 7, 8]
2025-08-23 18:44:28,503 INFO 🔌 Calculating current for displayed modules: {1, 2, 3} (interfaces in scene: [1, 2, 3, 4, 5, 6, 7, 8])
2025-08-23 18:44:28,503 INFO ❌ Error calculating total current: no such column: c.current
2025-08-23 18:44:28,505 INFO 🧩 Active scene interfaces detected: [14, 15, 16, 17, 18]
2025-08-23 18:44:28,505 INFO 🔌 Calculating current for displayed modules: {1, 2, 3} (interfaces in scene: [14, 15, 16, 17, 18])
2025-08-23 18:44:28,505 INFO ❌ Error calculating total current: no such column: c.current
2025-08-23 18:44:28,508 INFO 🧩 Active scene interfaces detected: [1, 2, 3, 4, 5, 6, 7, 8]
2025-08-23 18:44:28,508 INFO 🔌 Calculating current for displayed modules: {1, 2, 3} (interfaces in scene: [1, 2, 3, 4, 5, 6, 7, 8])
2025-08-23 18:44:28,508 INFO ❌ Error calculating total current: no such column: c.current
2025-08-23 18:44:28,510 INFO 🧩 Active scene interfaces detected: [14, 15, 16, 17, 18]
2025-08-23 18:44:28,510 INFO 🔌 Calculating current for displayed modules: {1, 2, 3} (interfaces in scene: [14, 15, 16, 17, 18])
2025-08-23 18:44:28,510 INFO ❌ Error calculating total current: no such column: c.current
2025-08-23 18:44:28,512 INFO 🧩 Active scene interfaces detected: [1, 2, 3, 4, 5, 6, 7, 8]
2025-08-23 18:44:28,512 INFO 🔌 Calculating current for displayed modules: {1, 2, 3} (interfaces in scene: [1, 2, 3, 4, 5, 6, 7, 8])
2025-08-23 18:44:28,512 INFO ❌ Error calculating total current: no such column: c.current
2025-08-23 18:44:28,514 INFO 🧩 Active scene interfaces detected: [14, 15, 16, 17, 18]
2025-08-23 18:44:28,514 INFO 🔌 Calculating current for displayed modules: {1, 2, 3} (interfaces in scene: [14, 15, 16, 17, 18])
2025-08-23 18:44:28,514 INFO ❌ Error calculating total current: no such column: c.current
2025-08-23 18:44:28,516 INFO 🧩 Active scene interfaces detected: [1, 2, 3, 4, 5, 6, 7, 8]
2025-08-23 18:44:28,516 INFO 🔌 Calculating current for displayed modules: {1, 2, 3} (interfaces in scene: [1, 2, 3, 4, 5, 6, 7, 8])
2025-08-23 18:44:28,516 INFO ❌ Error calculating total current: no such column: c.current
2025-08-23 18:44:28,518 INFO 🧩 Active scene interfaces detected: [14, 15, 16, 17, 18]
2025-08-23 18:44:28,519 INFO 🔌 Calculating current for displayed modules: {1, 2, 3} (interfaces in scene: [14, 15, 16, 17, 18])
2025-08-23 18:44:28,519 INFO ❌ Error calculating total current: no such column: c.current
2025-08-23 18:44:28,521 INFO 🧩 Active scene interfaces detected: [1, 2, 3, 4, 5, 6, 7, 8]
2025-08-23 18:44:28,521 INFO 🔌 Calculating current for displayed modules: {1, 2, 3} (interfaces in scene: [1, 2, 3, 4, 5, 6, 7, 8])
2025-08-23 18:44:28,521 INFO ❌ Error calculating total current: no such column: c.current
2025-08-23 18:44:28,523 INFO 🧩 Active scene interfaces detected: [14, 15, 16, 17, 18]
2025-08-23 18:44:28,523 INFO 🔌 Calculating current for displayed modules: {1, 2, 3} (interfaces in scene: [14, 15, 16, 17, 18])
2025-08-23 18:44:28,523 INFO ❌ Error calculating total current: no such column: c.current
2025-08-23 18:44:28,525 INFO 🧩 Active scene interfaces detected: [1, 2, 3, 4, 5, 6, 7, 8]
2025-08-23 18:44:28,525 INFO 🔌 Calculating current for displayed modules: {1, 2, 3} (interfaces in scene: [1, 2, 3, 4, 5, 6, 7, 8])
2025-08-23 18:44:28,525 INFO ❌ Error calculating total current: no such column: c.current
2025-08-23 18:44:28,527 INFO 🧩 Active scene interfaces detected: [14, 15, 16, 17, 18]
2025-08-23 18:44:28,527 INFO 🔌 Calculating current for displayed modules: {1, 2, 3} (interfaces in scene: [14, 15, 16, 17, 18])
2025-08-23 18:44:28,527 INFO ❌ Error calculating total current: no such column: c.current
2025-08-23 18:44:28,529 INFO 🧩 Active scene interfaces detected: [1, 2, 3, 4, 5, 6, 7, 8]
2025-08-23 18:44:28,529 INFO 🔌 Calculating current for displayed modules: {1, 2, 3} (interfaces in scene: [1, 2, 3, 4, 5, 6, 7, 8])
2025-08-23 18:44:28,529 INFO ❌ Error calculating total current: no such column: c.current
2025-08-23 18:44:28,531 INFO 🧩 Active scene interfaces detected: [14, 15, 16, 17, 18]
2025-08-23 18:44:28,531 INFO 🔌 Calculating current for displayed modules: {1, 2, 3} (interfaces in scene: [14, 15, 16, 17, 18])
2025-08-23 18:44:28,532 INFO ❌ Error calculating total current: no such column: c.current
2025-08-23 18:44:28,534 INFO 🧩 Active scene interfaces detected: [1, 2, 3, 4, 5, 6, 7, 8]
2025-08-23 18:44:28,534 INFO 🔌 Calculating current for displayed modules: {1, 2, 3} (interfaces in scene: [1, 2, 3, 4, 5, 6, 7, 8])
2025-08-23 18:44:28,534 INFO ❌ Error calculating total current: no such column: c.current
2025-08-23 18:44:28,536 INFO 🧩 Active scene interfaces detected: [14, 15, 16, 17, 18]
2025-08-23 18:44:28,536 INFO 🔌 Calculating current for displayed modules: {1, 2, 3} (interfaces in scene: [14, 15, 16, 17, 18])
2025-08-23 18:44:28,536 INFO ❌ Error calculating total current: no such column: c.current
2025-08-23 18:44:28,538 INFO 🧩 Active scene interfaces detected: [1, 2, 3, 4, 5, 6, 7, 8]
2025-08-23 18:44:28,538 INFO 🔌 Calculating current for displayed modules: {1, 2, 3} (interfaces in scene: [1, 2, 3, 4, 5, 6, 7, 8])
2025-08-23 18:44:28,538 INFO ❌ Error calculating total current: no such column: c.current
2025-08-23 18:44:28,541 INFO 🧩 Active scene interfaces detected: [14, 15, 16, 17, 18]
2025-08-23 18:44:28,541 INFO 🔌 Calculating current for displayed modules: {1, 2, 3} (interfaces in scene: [14, 15, 16, 17, 18])
2025-08-23 18:44:28,542 INFO ❌ Error calculating total current: no such column: c.current
2025-08-23 18:44:28,544 INFO 🧩 Active scene interfaces detected: [1, 2, 3, 4, 5, 6, 7, 8]
2025-08-23 18:44:28,544 INFO 🔌 Calculating current for displayed modules: {1, 2, 3} (interfaces in scene: [1, 2, 3, 4, 5, 6, 7, 8])
2025-08-23 18:44:28,544 INFO ❌ Error calculating total current: no such column: c.current
2025-08-23 18:44:28,546 INFO 🧩 Active scene interfaces detected: [14, 15, 16, 17, 18]
2025-08-23 18:44:28,546 INFO 🔌 Calculating current for displayed modules: {1, 2, 3} (interfaces in scene: [14, 15, 16, 17, 18])
2025-08-23 18:44:28,546 INFO ❌ Error calculating total current: no such column: c.current
2025-08-23 18:44:28,548 INFO 🧩 Active scene interfaces detected: [1, 2, 3, 4, 5, 6, 7, 8]
2025-08-23 18:44:28,548 INFO 🔌 Calculating current for displayed modules: {1, 2, 3} (interfaces in scene: [1, 2, 3, 4, 5, 6, 7, 8])
2025-08-23 18:44:28,548 INFO ❌ Error calculating total current: no such column: c.current
2025-08-23 18:44:28,550 INFO 🧩 Active scene interfaces detected: [14, 15, 16, 17, 18]
2025-08-23 18:44:28,550 INFO 🔌 Calculating current for displayed modules: {1, 2, 3} (interfaces in scene: [14, 15, 16, 17, 18])
2025-08-23 18:44:28,550 INFO ❌ Error calculating total current: no such column: c.current
2025-08-23 18:44:28,552 INFO 🧩 Active scene interfaces detected: [1, 2, 3, 4, 5, 6, 7, 8]
2025-08-23 18:44:28,552 INFO 🔌 Calculating current for displayed modules: {1, 2, 3} (interfaces in scene: [1, 2, 3, 4, 5, 6, 7, 8])
2025-08-23 18:44:28,552 INFO ❌ Error calculating total current: no such column: c.current
2025-08-23 18:44:28,554 INFO 🧩 Active scene interfaces detected: [14, 15, 16, 17, 18]
2025-08-23 18:44:28,554 INFO 🔌 Calculating current for displayed modules: {1, 2, 3} (interfaces in scene: [14, 15, 16, 17, 18])
2025-08-23 18:44:28,554 INFO ❌ Error calculating total current: no such column: c.current
2025-08-23 18:44:28,556 INFO 🧩 Active scene interfaces detected: [1, 2, 3, 4, 5, 6, 7, 8]
2025-08-23 18:44:28,556 INFO 🔌 Calculating current for displayed modules: {1, 2, 3} (interfaces in scene: [1, 2, 3, 4, 5, 6, 7, 8])
2025-08-23 18:44:28,556 INFO ❌ Error calculating total current: no such column: c.current
2025-08-23 18:44:28,558 INFO 🧩 Active scene interfaces detected: [14, 15, 16, 17, 18]
2025-08-23 18:44:28,559 INFO 🔌 Calculating current for displayed modules: {1, 2, 3} (interfaces in scene: [14, 15, 16, 17, 18])
2025-08-23 18:44:28,559 INFO ❌ Error calculating total current: no such column: c.current
2025-08-23 18:44:28,561 INFO 🧩 Active scene interfaces detected: [1, 2, 3, 4, 5, 6, 7, 8]
2025-08-23 18:44:28,561 INFO 🔌 Calculating current for displayed modules: {1, 2, 3} (interfaces in scene: [1, 2, 3, 4, 5, 6, 7, 8])
2025-08-23 18:44:28,561 INFO ❌ Error calculating total current: no such column: c.current
2025-08-23 18:44:28,563 INFO 🧩 Active scene interfaces detected: [14, 15, 16, 17, 18]
2025-08-23 18:44:28,563 INFO 🔌 Calculating current for displayed modules: {1, 2, 3} (interfaces in scene: [14, 15, 16, 17, 18])
2025-08-23 18:44:28,563 INFO ❌ Error calculating total current: no such column: c.current
2025-08-23 18:44:28,565 INFO 🧩 Active scene interfaces detected: [1, 2, 3, 4, 5, 6, 7, 8]
2025-08-23 18:44:28,565 INFO 🔌 Calculating current for displayed modules: {1, 2, 3} (interfaces in scene: [1, 2, 3, 4, 5, 6, 7, 8])
2025-08-23 18:44:28,565 INFO ❌ Error calculating total current: no such column: c.current
2025-08-23 18:44:28,567 INFO 🧩 Active scene interfaces detected: [14, 15, 16, 17, 18]
2025-08-23 18:44:28,567 INFO 🔌 Calculating current for displayed modules: {1, 2, 3} (interfaces in scene: [14, 15, 16, 17, 18])
2025-08-23 18:44:28,567 INFO ❌ Error calculating total current: no such column: c.current
2025-08-23 18:44:28,570 INFO 🧩 Active scene interfaces detected: [1, 2, 3, 4, 5, 6, 7, 8]
2025-08-23 18:44:28,570 INFO 🔌 Calculating current for displayed modules: {1, 2, 3} (interfaces in scene: [1, 2, 3, 4, 5, 6, 7, 8])
2025-08-23 18:44:28,570 INFO ❌ Error calculating total current: no such column: c.current
2025-08-23 18:44:28,572 INFO 🧩 Active scene interfaces detected: [14, 15, 16, 17, 18]
2025-08-23 18:44:28,572 INFO 🔌 Calculating current for displayed modules: {1, 2, 3} (interfaces in scene: [14, 15, 16, 17, 18])
2025-08-23 18:44:28,572 INFO ❌ Error calculating total current: no such column: c.current
2025-08-23 18:44:28,574 INFO 🧩 Active scene interfaces detected: [1, 2, 3, 4, 5, 6, 7, 8]
2025-08-23 18:44:28,574 INFO 🔌 Calculating current for displayed modules: {1, 2, 3} (interfaces in scene: [1, 2, 3, 4, 5, 6, 7, 8])
2025-08-23 18:44:28,574 INFO ❌ Error calculating total current: no such column: c.current
2025-08-23 18:44:28,577 INFO 🧩 Active scene interfaces detected: [14, 15, 16, 17, 18]
2025-08-23 18:44:28,577 INFO 🔌 Calculating current for displayed modules: {1, 2, 3} (interfaces in scene: [14, 15, 16, 17, 18])
2025-08-23 18:44:28,577 INFO ❌ Error calculating total current: no such column: c.current
2025-08-23 18:44:28,579 INFO 🧩 Active scene interfaces detected: [1, 2, 3, 4, 5, 6, 7, 8]
2025-08-23 18:44:28,579 INFO 🔌 Calculating current for displayed modules: {1, 2, 3} (interfaces in scene: [1, 2, 3, 4, 5, 6, 7, 8])
2025-08-23 18:44:28,579 INFO ❌ Error calculating total current: no such column: c.current
2025-08-23 18:44:28,581 INFO 🧩 Active scene interfaces detected: [14, 15, 16, 17, 18]
2025-08-23 18:44:28,581 INFO 🔌 Calculating current for displayed modules: {1, 2, 3} (interfaces in scene: [14, 15, 16, 17, 18])
2025-08-23 18:44:28,581 INFO ❌ Error calculating total current: no such column: c.current
2025-08-23 18:44:28,583 INFO 🧩 Active scene interfaces detected: [1, 2, 3, 4, 5, 6, 7, 8]
2025-08-23 18:44:28,583 INFO 🔌 Calculating current for displayed modules: {1, 2, 3} (interfaces in scene: [1, 2, 3, 4, 5, 6, 7, 8])
2025-08-23 18:44:28,584 INFO ❌ Error calculating total current: no such column: c.current
2025-08-23 18:44:28,587 INFO 🧩 Active scene interfaces detected: [14, 15, 16, 17, 18]
2025-08-23 18:44:28,587 INFO 🔌 Calculating current for displayed modules: {1, 2, 3} (interfaces in scene: [14, 15, 16, 17, 18])
2025-08-23 18:44:28,587 INFO ❌ Error calculating total current: no such column: c.current
2025-08-23 18:44:28,589 INFO 🧩 Active scene interfaces detected: [1, 2, 3, 4, 5, 6, 7, 8]
2025-08-23 18:44:28,589 INFO 🔌 Calculating current for displayed modules: {1, 2, 3} (interfaces in scene: [1, 2, 3, 4, 5, 6, 7, 8])
2025-08-23 18:44:28,589 INFO ❌ Error calculating total current: no such column: c.current
2025-08-23 18:44:28,597 INFO 🧩 Active scene interfaces detected: [14, 15, 16, 17, 18]
2025-08-23 18:44:28,597 INFO 🔌 Calculating current for displayed modules: {1, 2, 3} (interfaces in scene: [14, 15, 16, 17, 18])
2025-08-23 18:44:28,597 INFO ❌ Error calculating total current: no such column: c.current
2025-08-23 18:44:28,600 INFO 🧩 Active scene interfaces detected: [1, 2, 3, 4, 5, 6, 7, 8]
2025-08-23 18:44:28,600 INFO 🔌 Calculating current for displayed modules: {1, 2, 3} (interfaces in scene: [1, 2, 3, 4, 5, 6, 7, 8])
2025-08-23 18:44:28,600 INFO ❌ Error calculating total current: no such column: c.current
2025-08-23 18:44:28,602 INFO 🧩 Active scene interfaces detected: [14, 15, 16, 17, 18]
2025-08-23 18:44:28,602 INFO 🔌 Calculating current for displayed modules: {1, 2, 3} (interfaces in scene: [14, 15, 16, 17, 18])
2025-08-23 18:44:28,602 INFO ❌ Error calculating total current: no such column: c.current
2025-08-23 18:44:28,604 INFO 🧩 Active scene interfaces detected: [1, 2, 3, 4, 5, 6, 7, 8]
2025-08-23 18:44:28,604 INFO 🔌 Calculating current for displayed modules: {1, 2, 3} (interfaces in scene: [1, 2, 3, 4, 5, 6, 7, 8])
2025-08-23 18:44:28,604 INFO ❌ Error calculating total current: no such column: c.current
2025-08-23 18:44:28,606 INFO 🧩 Active scene interfaces detected: [14, 15, 16, 17, 18]
2025-08-23 18:44:28,606 INFO 🔌 Calculating current for displayed modules: {1, 2, 3} (interfaces in scene: [14, 15, 16, 17, 18])
2025-08-23 18:44:28,606 INFO ❌ Error calculating total current: no such column: c.current
2025-08-23 18:54:06,631 INFO 🧩 Active scene interfaces detected: NONE
2025-08-23 18:54:06,631 INFO 🔌 Total Current: 0.00 A from 0 VCC pins (no active scene connections)
2025-08-23 18:54:08,219 INFO 🧩 Active scene interfaces detected: NONE
2025-08-23 18:54:08,220 INFO 🔌 Total Current: 0.00 A from 0 VCC pins (no active scene connections)
2025-08-23 18:54:08,221 INFO 🧩 Active scene interfaces detected: NONE
2025-08-23 18:54:08,221 INFO 🔌 Total Current: 0.00 A from 0 VCC pins (no active scene connections)
2025-08-23 18:54:10,089 INFO 🧩 Active scene interfaces detected: [1, 2]
2025-08-23 18:54:10,089 INFO 🔌 Calculating current for displayed modules: {1} (interfaces in scene: [1, 2])
2025-08-23 18:54:10,090 INFO 🧪 Diagnostic dump for active interfaces:
2025-08-23 18:54:10,090 INFO    • iface 1 | pin 1 '3' type='Data' pin_current=0.0 | conn None 'None' conn_current=0 | module None 'None'
2025-08-23 18:54:10,090 INFO    • iface 1 | pin 3 'pin111' type='Data' pin_current=0.0 | conn 5 'conn1-1' conn_current=0 | module 2 'module1'
2025-08-23 18:54:10,091 INFO 🧪 No power-like pins matched; check pin/connector naming, pin_type, or that current is on connector.
2025-08-23 18:54:10,091 INFO 🔌 Total Current: 0.00 A from 0 VCC pins
2025-08-23 18:54:10,092 INFO 🧩 Active scene interfaces detected: [1, 2]
2025-08-23 18:54:10,092 INFO 🔌 Calculating current for displayed modules: {1} (interfaces in scene: [1, 2])
2025-08-23 18:54:10,092 INFO 🧪 Diagnostic dump for active interfaces:
2025-08-23 18:54:10,093 INFO    • iface 1 | pin 1 '3' type='Data' pin_current=0.0 | conn None 'None' conn_current=0 | module None 'None'
2025-08-23 18:54:10,093 INFO    • iface 1 | pin 3 'pin111' type='Data' pin_current=0.0 | conn 5 'conn1-1' conn_current=0 | module 2 'module1'
2025-08-23 18:54:10,093 INFO 🧪 No power-like pins matched; check pin/connector naming, pin_type, or that current is on connector.
2025-08-23 18:54:10,093 INFO 🔌 Total Current: 0.00 A from 0 VCC pins
2025-08-23 18:54:10,095 INFO 🧩 Active scene interfaces detected: [1, 2]
2025-08-23 18:54:10,096 INFO 🔌 Calculating current for displayed modules: {1} (interfaces in scene: [1, 2])
2025-08-23 18:54:10,096 INFO 🧪 Diagnostic dump for active interfaces:
2025-08-23 18:54:10,096 INFO    • iface 1 | pin 1 '3' type='Data' pin_current=0.0 | conn None 'None' conn_current=0 | module None 'None'
2025-08-23 18:54:10,096 INFO    • iface 1 | pin 3 'pin111' type='Data' pin_current=0.0 | conn 5 'conn1-1' conn_current=0 | module 2 'module1'
2025-08-23 18:54:10,096 INFO 🧪 No power-like pins matched; check pin/connector naming, pin_type, or that current is on connector.
2025-08-23 18:54:10,096 INFO 🔌 Total Current: 0.00 A from 0 VCC pins
2025-08-23 18:54:10,097 INFO 🧩 Active scene interfaces detected: [1, 2]
2025-08-23 18:54:10,097 INFO 🔌 Calculating current for displayed modules: {1} (interfaces in scene: [1, 2])
2025-08-23 18:54:10,097 INFO 🧪 Diagnostic dump for active interfaces:
2025-08-23 18:54:10,097 INFO    • iface 1 | pin 1 '3' type='Data' pin_current=0.0 | conn None 'None' conn_current=0 | module None 'None'
2025-08-23 18:54:10,098 INFO    • iface 1 | pin 3 'pin111' type='Data' pin_current=0.0 | conn 5 'conn1-1' conn_current=0 | module 2 'module1'
2025-08-23 18:54:10,098 INFO 🧪 No power-like pins matched; check pin/connector naming, pin_type, or that current is on connector.
2025-08-23 18:54:10,098 INFO 🔌 Total Current: 0.00 A from 0 VCC pins
2025-08-23 18:54:10,099 INFO 🧩 Active scene interfaces detected: [1, 2]
2025-08-23 18:54:10,099 INFO 🔌 Calculating current for displayed modules: {1} (interfaces in scene: [1, 2])
2025-08-23 18:54:10,100 INFO 🧪 Diagnostic dump for active interfaces:
2025-08-23 18:54:10,100 INFO    • iface 1 | pin 1 '3' type='Data' pin_current=0.0 | conn None 'None' conn_current=0 | module None 'None'
2025-08-23 18:54:10,100 INFO    • iface 1 | pin 3 'pin111' type='Data' pin_current=0.0 | conn 5 'conn1-1' conn_current=0 | module 2 'module1'
2025-08-23 18:54:10,100 INFO 🧪 No power-like pins matched; check pin/connector naming, pin_type, or that current is on connector.
2025-08-23 18:54:10,100 INFO 🔌 Total Current: 0.00 A from 0 VCC pins
2025-08-23 18:54:10,100 INFO 🧩 Active scene interfaces detected: [1, 2]
2025-08-23 18:54:10,100 INFO 🔌 Calculating current for displayed modules: {1} (interfaces in scene: [1, 2])
2025-08-23 18:54:10,101 INFO 🧪 Diagnostic dump for active interfaces:
2025-08-23 18:54:10,101 INFO    • iface 1 | pin 1 '3' type='Data' pin_current=0.0 | conn None 'None' conn_current=0 | module None 'None'
2025-08-23 18:54:10,101 INFO    • iface 1 | pin 3 'pin111' type='Data' pin_current=0.0 | conn 5 'conn1-1' conn_current=0 | module 2 'module1'
2025-08-23 18:54:10,101 INFO 🧪 No power-like pins matched; check pin/connector naming, pin_type, or that current is on connector.
2025-08-23 18:54:10,101 INFO 🔌 Total Current: 0.00 A from 0 VCC pins
2025-08-23 18:54:10,102 INFO 🧩 Active scene interfaces detected: [1, 2]
2025-08-23 18:54:10,102 INFO 🔌 Calculating current for displayed modules: {1} (interfaces in scene: [1, 2])
2025-08-23 18:54:10,102 INFO 🧪 Diagnostic dump for active interfaces:
2025-08-23 18:54:10,102 INFO    • iface 1 | pin 1 '3' type='Data' pin_current=0.0 | conn None 'None' conn_current=0 | module None 'None'
2025-08-23 18:54:10,103 INFO    • iface 1 | pin 3 'pin111' type='Data' pin_current=0.0 | conn 5 'conn1-1' conn_current=0 | module 2 'module1'
2025-08-23 18:54:10,103 INFO 🧪 No power-like pins matched; check pin/connector naming, pin_type, or that current is on connector.
2025-08-23 18:54:10,103 INFO 🔌 Total Current: 0.00 A from 0 VCC pins
2025-08-23 18:54:10,103 INFO 🧩 Active scene interfaces detected: [1, 2]
2025-08-23 18:54:10,103 INFO 🔌 Calculating current for displayed modules: {1} (interfaces in scene: [1, 2])
2025-08-23 18:54:10,103 INFO 🧪 Diagnostic dump for active interfaces:
2025-08-23 18:54:10,104 INFO    • iface 1 | pin 1 '3' type='Data' pin_current=0.0 | conn None 'None' conn_current=0 | module None 'None'
2025-08-23 18:54:10,104 INFO    • iface 1 | pin 3 'pin111' type='Data' pin_current=0.0 | conn 5 'conn1-1' conn_current=0 | module 2 'module1'
2025-08-23 18:54:10,104 INFO 🧪 No power-like pins matched; check pin/connector naming, pin_type, or that current is on connector.
2025-08-23 18:54:10,104 INFO 🔌 Total Current: 0.00 A from 0 VCC pins
2025-08-23 18:54:10,105 INFO 🧩 Active scene interfaces detected: [1, 2]
2025-08-23 18:54:10,105 INFO 🔌 Calculating current for displayed modules: {1} (interfaces in scene: [1, 2])
2025-08-23 18:54:10,105 INFO 🧪 Diagnostic dump for active interfaces:
2025-08-23 18:54:10,105 INFO    • iface 1 | pin 1 '3' type='Data' pin_current=0.0 | conn None 'None' conn_current=0 | module None 'None'
2025-08-23 18:54:10,105 INFO    • iface 1 | pin 3 'pin111' type='Data' pin_current=0.0 | conn 5 'conn1-1' conn_current=0 | module 2 'module1'
2025-08-23 18:54:10,105 INFO 🧪 No power-like pins matched; check pin/connector naming, pin_type, or that current is on connector.
2025-08-23 18:54:10,105 INFO 🔌 Total Current: 0.00 A from 0 VCC pins
2025-08-23 18:54:10,106 INFO 🧩 Active scene interfaces detected: [1, 2]
2025-08-23 18:54:10,106 INFO 🔌 Calculating current for displayed modules: {1} (interfaces in scene: [1, 2])
2025-08-23 18:54:10,106 INFO 🧪 Diagnostic dump for active interfaces:
2025-08-23 18:54:10,106 INFO    • iface 1 | pin 1 '3' type='Data' pin_current=0.0 | conn None 'None' conn_current=0 | module None 'None'
2025-08-23 18:54:10,106 INFO    • iface 1 | pin 3 'pin111' type='Data' pin_current=0.0 | conn 5 'conn1-1' conn_current=0 | module 2 'module1'
2025-08-23 18:54:10,106 INFO 🧪 No power-like pins matched; check pin/connector naming, pin_type, or that current is on connector.
2025-08-23 18:54:10,106 INFO 🔌 Total Current: 0.00 A from 0 VCC pins
2025-08-23 18:54:10,110 INFO 🧩 Active scene interfaces detected: [1, 2, 3, 4, 5, 6, 7, 8]
2025-08-23 18:54:10,111 INFO 🔌 Calculating current for displayed modules: {1, 2, 3} (interfaces in scene: [1, 2, 3, 4, 5, 6, 7, 8])
2025-08-23 18:54:10,111 INFO 🧪 Diagnostic dump for active interfaces:
2025-08-23 18:54:10,111 INFO    • iface 1 | pin 1 '3' type='Data' pin_current=0.0 | conn None 'None' conn_current=0 | module None 'None'
2025-08-23 18:54:10,111 INFO    • iface 1 | pin 3 'pin111' type='Data' pin_current=0.0 | conn 5 'conn1-1' conn_current=0 | module 2 'module1'
2025-08-23 18:54:10,111 INFO    • iface 5 | pin None 'None' type='None' pin_current=None | conn None 'None' conn_current=0 | module None 'None'
2025-08-23 18:54:10,111 INFO    • iface 6 | pin None 'None' type='None' pin_current=None | conn None 'None' conn_current=0 | module None 'None'
2025-08-23 18:54:10,111 INFO    • iface 7 | pin None 'None' type='None' pin_current=None | conn None 'None' conn_current=0 | module None 'None'
2025-08-23 18:54:10,111 INFO    • iface 8 | pin None 'None' type='None' pin_current=None | conn None 'None' conn_current=0 | module None 'None'
2025-08-23 18:54:10,112 INFO 🧪 No power-like pins matched; check pin/connector naming, pin_type, or that current is on connector.
2025-08-23 18:54:10,112 INFO 🔌 Total Current: 0.00 A from 0 VCC pins
2025-08-23 18:54:10,116 INFO 🧩 Active scene interfaces detected: [14, 15, 16, 17, 18]
2025-08-23 18:54:10,116 INFO 🔌 Calculating current for displayed modules: {1, 2, 3} (interfaces in scene: [14, 15, 16, 17, 18])
2025-08-23 18:54:10,116 INFO 🧪 Diagnostic dump for active interfaces:
2025-08-23 18:54:10,116 INFO    • iface 14 | pin 3 'pin111' type='Data' pin_current=0.0 | conn 5 'conn1-1' conn_current=0 | module 2 'module1'
2025-08-23 18:54:10,116 INFO    • iface 14 | pin 10 'f' type='Data' pin_current=0.0 | conn 6 'dfd' conn_current=0 | module 3 'module2'
2025-08-23 18:54:10,116 INFO    • iface 15 | pin 7 'pin121' type='Data' pin_current=0.0 | conn 4 'conn1-2' conn_current=0 | module 2 'module1'
2025-08-23 18:54:10,116 INFO    • iface 15 | pin 14 'f' type='Data' pin_current=0.0 | conn 8 'ergf' conn_current=0 | module 3 'module2'
2025-08-23 18:54:10,116 INFO    • iface 16 | pin 3 'pin111' type='Data' pin_current=0.0 | conn 5 'conn1-1' conn_current=0 | module 2 'module1'
2025-08-23 18:54:10,116 INFO    • iface 16 | pin 5 '5' type='Data' pin_current=0.0 | conn 2 'f' conn_current=0 | module 1 'تدتسنیدبس'
2025-08-23 18:54:10,116 INFO    • iface 17 | pin 16 'gb' type='Data' pin_current=0.0 | conn 7 'vdfv' conn_current=0 | module 3 'module2'
2025-08-23 18:54:10,117 INFO    • iface 17 | pin 5 '5' type='Data' pin_current=0.0 | conn 2 'f' conn_current=0 | module 1 'تدتسنیدبس'
2025-08-23 18:54:10,117 INFO    • iface 18 | pin 7 'pin121' type='Data' pin_current=0.0 | conn 4 'conn1-2' conn_current=0 | module 2 'module1'
2025-08-23 18:54:10,117 INFO    • iface 18 | pin 19 'fu' type='Voltage' pin_current=0.21 | conn 6 'dfd' conn_current=0 | module 3 'module2'
2025-08-23 18:54:10,117 INFO 🧪 No power-like pins matched; check pin/connector naming, pin_type, or that current is on connector.
2025-08-23 18:54:10,117 INFO 🔌 Total Current: 0.00 A from 0 VCC pins
2025-08-23 18:54:10,120 INFO 🧩 Active scene interfaces detected: [1, 2, 3, 4, 5, 6, 7, 8]
2025-08-23 18:54:10,120 INFO 🔌 Calculating current for displayed modules: {1, 2, 3} (interfaces in scene: [1, 2, 3, 4, 5, 6, 7, 8])
2025-08-23 18:54:10,121 INFO 🧪 Diagnostic dump for active interfaces:
2025-08-23 18:54:10,121 INFO    • iface 1 | pin 1 '3' type='Data' pin_current=0.0 | conn None 'None' conn_current=0 | module None 'None'
2025-08-23 18:54:10,121 INFO    • iface 1 | pin 3 'pin111' type='Data' pin_current=0.0 | conn 5 'conn1-1' conn_current=0 | module 2 'module1'
2025-08-23 18:54:10,121 INFO    • iface 5 | pin None 'None' type='None' pin_current=None | conn None 'None' conn_current=0 | module None 'None'
2025-08-23 18:54:10,121 INFO    • iface 6 | pin None 'None' type='None' pin_current=None | conn None 'None' conn_current=0 | module None 'None'
2025-08-23 18:54:10,121 INFO    • iface 7 | pin None 'None' type='None' pin_current=None | conn None 'None' conn_current=0 | module None 'None'
2025-08-23 18:54:10,121 INFO    • iface 8 | pin None 'None' type='None' pin_current=None | conn None 'None' conn_current=0 | module None 'None'
2025-08-23 18:54:10,121 INFO 🧪 No power-like pins matched; check pin/connector naming, pin_type, or that current is on connector.
2025-08-23 18:54:10,121 INFO 🔌 Total Current: 0.00 A from 0 VCC pins
2025-08-23 18:54:10,125 INFO 🧩 Active scene interfaces detected: [14, 15, 16, 17, 18]
2025-08-23 18:54:10,125 INFO 🔌 Calculating current for displayed modules: {1, 2, 3} (interfaces in scene: [14, 15, 16, 17, 18])
2025-08-23 18:54:10,125 INFO 🧪 Diagnostic dump for active interfaces:
2025-08-23 18:54:10,125 INFO    • iface 14 | pin 3 'pin111' type='Data' pin_current=0.0 | conn 5 'conn1-1' conn_current=0 | module 2 'module1'
2025-08-23 18:54:10,125 INFO    • iface 14 | pin 10 'f' type='Data' pin_current=0.0 | conn 6 'dfd' conn_current=0 | module 3 'module2'
2025-08-23 18:54:10,125 INFO    • iface 15 | pin 7 'pin121' type='Data' pin_current=0.0 | conn 4 'conn1-2' conn_current=0 | module 2 'module1'
2025-08-23 18:54:10,125 INFO    • iface 15 | pin 14 'f' type='Data' pin_current=0.0 | conn 8 'ergf' conn_current=0 | module 3 'module2'
2025-08-23 18:54:10,125 INFO    • iface 16 | pin 3 'pin111' type='Data' pin_current=0.0 | conn 5 'conn1-1' conn_current=0 | module 2 'module1'
2025-08-23 18:54:10,125 INFO    • iface 16 | pin 5 '5' type='Data' pin_current=0.0 | conn 2 'f' conn_current=0 | module 1 'تدتسنیدبس'
2025-08-23 18:54:10,125 INFO    • iface 17 | pin 16 'gb' type='Data' pin_current=0.0 | conn 7 'vdfv' conn_current=0 | module 3 'module2'
2025-08-23 18:54:10,125 INFO    • iface 17 | pin 5 '5' type='Data' pin_current=0.0 | conn 2 'f' conn_current=0 | module 1 'تدتسنیدبس'
2025-08-23 18:54:10,125 INFO    • iface 18 | pin 7 'pin121' type='Data' pin_current=0.0 | conn 4 'conn1-2' conn_current=0 | module 2 'module1'
2025-08-23 18:54:10,125 INFO    • iface 18 | pin 19 'fu' type='Voltage' pin_current=0.21 | conn 6 'dfd' conn_current=0 | module 3 'module2'
2025-08-23 18:54:10,126 INFO 🧪 No power-like pins matched; check pin/connector naming, pin_type, or that current is on connector.
2025-08-23 18:54:10,126 INFO 🔌 Total Current: 0.00 A from 0 VCC pins
2025-08-23 18:54:10,130 INFO 🧩 Active scene interfaces detected: [1, 2, 3, 4, 5, 6, 7, 8]
2025-08-23 18:54:10,130 INFO 🔌 Calculating current for displayed modules: {1, 2, 3} (interfaces in scene: [1, 2, 3, 4, 5, 6, 7, 8])
2025-08-23 18:54:10,130 INFO 🧪 Diagnostic dump for active interfaces:
2025-08-23 18:54:10,130 INFO    • iface 1 | pin 1 '3' type='Data' pin_current=0.0 | conn None 'None' conn_current=0 | module None 'None'
2025-08-23 18:54:10,130 INFO    • iface 1 | pin 3 'pin111' type='Data' pin_current=0.0 | conn 5 'conn1-1' conn_current=0 | module 2 'module1'
2025-08-23 18:54:10,131 INFO    • iface 5 | pin None 'None' type='None' pin_current=None | conn None 'None' conn_current=0 | module None 'None'
2025-08-23 18:54:10,131 INFO    • iface 6 | pin None 'None' type='None' pin_current=None | conn None 'None' conn_current=0 | module None 'None'
2025-08-23 18:54:10,131 INFO    • iface 7 | pin None 'None' type='None' pin_current=None | conn None 'None' conn_current=0 | module None 'None'
2025-08-23 18:54:10,131 INFO    • iface 8 | pin None 'None' type='None' pin_current=None | conn None 'None' conn_current=0 | module None 'None'
2025-08-23 18:54:10,131 INFO 🧪 No power-like pins matched; check pin/connector naming, pin_type, or that current is on connector.
2025-08-23 18:54:10,131 INFO 🔌 Total Current: 0.00 A from 0 VCC pins
2025-08-23 18:54:10,135 INFO 🧩 Active scene interfaces detected: [14, 15, 16, 17, 18]
2025-08-23 18:54:10,135 INFO 🔌 Calculating current for displayed modules: {1, 2, 3} (interfaces in scene: [14, 15, 16, 17, 18])
2025-08-23 18:54:10,135 INFO 🧪 Diagnostic dump for active interfaces:
2025-08-23 18:54:10,135 INFO    • iface 14 | pin 3 'pin111' type='Data' pin_current=0.0 | conn 5 'conn1-1' conn_current=0 | module 2 'module1'
2025-08-23 18:54:10,135 INFO    • iface 14 | pin 10 'f' type='Data' pin_current=0.0 | conn 6 'dfd' conn_current=0 | module 3 'module2'
2025-08-23 18:54:10,135 INFO    • iface 15 | pin 7 'pin121' type='Data' pin_current=0.0 | conn 4 'conn1-2' conn_current=0 | module 2 'module1'
2025-08-23 18:54:10,135 INFO    • iface 15 | pin 14 'f' type='Data' pin_current=0.0 | conn 8 'ergf' conn_current=0 | module 3 'module2'
2025-08-23 18:54:10,135 INFO    • iface 16 | pin 3 'pin111' type='Data' pin_current=0.0 | conn 5 'conn1-1' conn_current=0 | module 2 'module1'
2025-08-23 18:54:10,135 INFO    • iface 16 | pin 5 '5' type='Data' pin_current=0.0 | conn 2 'f' conn_current=0 | module 1 'تدتسنیدبس'
2025-08-23 18:54:10,135 INFO    • iface 17 | pin 16 'gb' type='Data' pin_current=0.0 | conn 7 'vdfv' conn_current=0 | module 3 'module2'
2025-08-23 18:54:10,135 INFO    • iface 17 | pin 5 '5' type='Data' pin_current=0.0 | conn 2 'f' conn_current=0 | module 1 'تدتسنیدبس'
2025-08-23 18:54:10,136 INFO    • iface 18 | pin 7 'pin121' type='Data' pin_current=0.0 | conn 4 'conn1-2' conn_current=0 | module 2 'module1'
2025-08-23 18:54:10,136 INFO    • iface 18 | pin 19 'fu' type='Voltage' pin_current=0.21 | conn 6 'dfd' conn_current=0 | module 3 'module2'
2025-08-23 18:54:10,136 INFO 🧪 No power-like pins matched; check pin/connector naming, pin_type, or that current is on connector.
2025-08-23 18:54:10,136 INFO 🔌 Total Current: 0.00 A from 0 VCC pins
2025-08-23 18:54:10,139 INFO 🧩 Active scene interfaces detected: [1, 2, 3, 4, 5, 6, 7, 8]
2025-08-23 18:54:10,139 INFO 🔌 Calculating current for displayed modules: {1, 2, 3} (interfaces in scene: [1, 2, 3, 4, 5, 6, 7, 8])
2025-08-23 18:54:10,139 INFO 🧪 Diagnostic dump for active interfaces:
2025-08-23 18:54:10,139 INFO    • iface 1 | pin 1 '3' type='Data' pin_current=0.0 | conn None 'None' conn_current=0 | module None 'None'
2025-08-23 18:54:10,139 INFO    • iface 1 | pin 3 'pin111' type='Data' pin_current=0.0 | conn 5 'conn1-1' conn_current=0 | module 2 'module1'
2025-08-23 18:54:10,139 INFO    • iface 5 | pin None 'None' type='None' pin_current=None | conn None 'None' conn_current=0 | module None 'None'
2025-08-23 18:54:10,139 INFO    • iface 6 | pin None 'None' type='None' pin_current=None | conn None 'None' conn_current=0 | module None 'None'
2025-08-23 18:54:10,139 INFO    • iface 7 | pin None 'None' type='None' pin_current=None | conn None 'None' conn_current=0 | module None 'None'
2025-08-23 18:54:10,139 INFO    • iface 8 | pin None 'None' type='None' pin_current=None | conn None 'None' conn_current=0 | module None 'None'
2025-08-23 18:54:10,140 INFO 🧪 No power-like pins matched; check pin/connector naming, pin_type, or that current is on connector.
2025-08-23 18:54:10,140 INFO 🔌 Total Current: 0.00 A from 0 VCC pins
2025-08-23 18:54:10,143 INFO 🧩 Active scene interfaces detected: [14, 15, 16, 17, 18]
2025-08-23 18:54:10,143 INFO 🔌 Calculating current for displayed modules: {1, 2, 3} (interfaces in scene: [14, 15, 16, 17, 18])
2025-08-23 18:54:10,143 INFO 🧪 Diagnostic dump for active interfaces:
2025-08-23 18:54:10,143 INFO    • iface 14 | pin 3 'pin111' type='Data' pin_current=0.0 | conn 5 'conn1-1' conn_current=0 | module 2 'module1'
2025-08-23 18:54:10,143 INFO    • iface 14 | pin 10 'f' type='Data' pin_current=0.0 | conn 6 'dfd' conn_current=0 | module 3 'module2'
2025-08-23 18:54:10,143 INFO    • iface 15 | pin 7 'pin121' type='Data' pin_current=0.0 | conn 4 'conn1-2' conn_current=0 | module 2 'module1'
2025-08-23 18:54:10,143 INFO    • iface 15 | pin 14 'f' type='Data' pin_current=0.0 | conn 8 'ergf' conn_current=0 | module 3 'module2'
2025-08-23 18:54:10,143 INFO    • iface 16 | pin 3 'pin111' type='Data' pin_current=0.0 | conn 5 'conn1-1' conn_current=0 | module 2 'module1'
2025-08-23 18:54:10,143 INFO    • iface 16 | pin 5 '5' type='Data' pin_current=0.0 | conn 2 'f' conn_current=0 | module 1 'تدتسنیدبس'
2025-08-23 18:54:10,143 INFO    • iface 17 | pin 16 'gb' type='Data' pin_current=0.0 | conn 7 'vdfv' conn_current=0 | module 3 'module2'
2025-08-23 18:54:10,143 INFO    • iface 17 | pin 5 '5' type='Data' pin_current=0.0 | conn 2 'f' conn_current=0 | module 1 'تدتسنیدبس'
2025-08-23 18:54:10,143 INFO    • iface 18 | pin 7 'pin121' type='Data' pin_current=0.0 | conn 4 'conn1-2' conn_current=0 | module 2 'module1'
2025-08-23 18:54:10,143 INFO    • iface 18 | pin 19 'fu' type='Voltage' pin_current=0.21 | conn 6 'dfd' conn_current=0 | module 3 'module2'
2025-08-23 18:54:10,143 INFO 🧪 No power-like pins matched; check pin/connector naming, pin_type, or that current is on connector.
2025-08-23 18:54:10,143 INFO 🔌 Total Current: 0.00 A from 0 VCC pins
2025-08-23 18:54:10,146 INFO 🧩 Active scene interfaces detected: [1, 2, 3, 4, 5, 6, 7, 8]
2025-08-23 18:54:10,146 INFO 🔌 Calculating current for displayed modules: {1, 2, 3} (interfaces in scene: [1, 2, 3, 4, 5, 6, 7, 8])
2025-08-23 18:54:10,146 INFO 🧪 Diagnostic dump for active interfaces:
2025-08-23 18:54:10,146 INFO    • iface 1 | pin 1 '3' type='Data' pin_current=0.0 | conn None 'None' conn_current=0 | module None 'None'
2025-08-23 18:54:10,146 INFO    • iface 1 | pin 3 'pin111' type='Data' pin_current=0.0 | conn 5 'conn1-1' conn_current=0 | module 2 'module1'
2025-08-23 18:54:10,146 INFO    • iface 5 | pin None 'None' type='None' pin_current=None | conn None 'None' conn_current=0 | module None 'None'
2025-08-23 18:54:10,146 INFO    • iface 6 | pin None 'None' type='None' pin_current=None | conn None 'None' conn_current=0 | module None 'None'
2025-08-23 18:54:10,146 INFO    • iface 7 | pin None 'None' type='None' pin_current=None | conn None 'None' conn_current=0 | module None 'None'
2025-08-23 18:54:10,146 INFO    • iface 8 | pin None 'None' type='None' pin_current=None | conn None 'None' conn_current=0 | module None 'None'
2025-08-23 18:54:10,147 INFO 🧪 No power-like pins matched; check pin/connector naming, pin_type, or that current is on connector.
2025-08-23 18:54:10,147 INFO 🔌 Total Current: 0.00 A from 0 VCC pins
2025-08-23 18:54:10,149 INFO 🧩 Active scene interfaces detected: [14, 15, 16, 17, 18]
2025-08-23 18:54:10,149 INFO 🔌 Calculating current for displayed modules: {1, 2, 3} (interfaces in scene: [14, 15, 16, 17, 18])
2025-08-23 18:54:10,149 INFO 🧪 Diagnostic dump for active interfaces:
2025-08-23 18:54:10,149 INFO    • iface 14 | pin 3 'pin111' type='Data' pin_current=0.0 | conn 5 'conn1-1' conn_current=0 | module 2 'module1'
2025-08-23 18:54:10,149 INFO    • iface 14 | pin 10 'f' type='Data' pin_current=0.0 | conn 6 'dfd' conn_current=0 | module 3 'module2'
2025-08-23 18:54:10,149 INFO    • iface 15 | pin 7 'pin121' type='Data' pin_current=0.0 | conn 4 'conn1-2' conn_current=0 | module 2 'module1'
2025-08-23 18:54:10,149 INFO    • iface 15 | pin 14 'f' type='Data' pin_current=0.0 | conn 8 'ergf' conn_current=0 | module 3 'module2'
2025-08-23 18:54:10,149 INFO    • iface 16 | pin 3 'pin111' type='Data' pin_current=0.0 | conn 5 'conn1-1' conn_current=0 | module 2 'module1'
2025-08-23 18:54:10,149 INFO    • iface 16 | pin 5 '5' type='Data' pin_current=0.0 | conn 2 'f' conn_current=0 | module 1 'تدتسنیدبس'
2025-08-23 18:54:10,149 INFO    • iface 17 | pin 16 'gb' type='Data' pin_current=0.0 | conn 7 'vdfv' conn_current=0 | module 3 'module2'
2025-08-23 18:54:10,149 INFO    • iface 17 | pin 5 '5' type='Data' pin_current=0.0 | conn 2 'f' conn_current=0 | module 1 'تدتسنیدبس'
2025-08-23 18:54:10,149 INFO    • iface 18 | pin 7 'pin121' type='Data' pin_current=0.0 | conn 4 'conn1-2' conn_current=0 | module 2 'module1'
2025-08-23 18:54:10,149 INFO    • iface 18 | pin 19 'fu' type='Voltage' pin_current=0.21 | conn 6 'dfd' conn_current=0 | module 3 'module2'
2025-08-23 18:54:10,149 INFO 🧪 No power-like pins matched; check pin/connector naming, pin_type, or that current is on connector.
2025-08-23 18:54:10,149 INFO 🔌 Total Current: 0.00 A from 0 VCC pins
2025-08-23 18:54:10,152 INFO 🧩 Active scene interfaces detected: [1, 2, 3, 4, 5, 6, 7, 8]
2025-08-23 18:54:10,152 INFO 🔌 Calculating current for displayed modules: {1, 2, 3} (interfaces in scene: [1, 2, 3, 4, 5, 6, 7, 8])
2025-08-23 18:54:10,152 INFO 🧪 Diagnostic dump for active interfaces:
2025-08-23 18:54:10,152 INFO    • iface 1 | pin 1 '3' type='Data' pin_current=0.0 | conn None 'None' conn_current=0 | module None 'None'
2025-08-23 18:54:10,152 INFO    • iface 1 | pin 3 'pin111' type='Data' pin_current=0.0 | conn 5 'conn1-1' conn_current=0 | module 2 'module1'
2025-08-23 18:54:10,152 INFO    • iface 5 | pin None 'None' type='None' pin_current=None | conn None 'None' conn_current=0 | module None 'None'
2025-08-23 18:54:10,152 INFO    • iface 6 | pin None 'None' type='None' pin_current=None | conn None 'None' conn_current=0 | module None 'None'
2025-08-23 18:54:10,152 INFO    • iface 7 | pin None 'None' type='None' pin_current=None | conn None 'None' conn_current=0 | module None 'None'
2025-08-23 18:54:10,152 INFO    • iface 8 | pin None 'None' type='None' pin_current=None | conn None 'None' conn_current=0 | module None 'None'
2025-08-23 18:54:10,152 INFO 🧪 No power-like pins matched; check pin/connector naming, pin_type, or that current is on connector.
2025-08-23 18:54:10,152 INFO 🔌 Total Current: 0.00 A from 0 VCC pins
2025-08-23 18:54:10,154 INFO 🧩 Active scene interfaces detected: [14, 15, 16, 17, 18]
2025-08-23 18:54:10,154 INFO 🔌 Calculating current for displayed modules: {1, 2, 3} (interfaces in scene: [14, 15, 16, 17, 18])
2025-08-23 18:54:10,155 INFO 🧪 Diagnostic dump for active interfaces:
2025-08-23 18:54:10,155 INFO    • iface 14 | pin 3 'pin111' type='Data' pin_current=0.0 | conn 5 'conn1-1' conn_current=0 | module 2 'module1'
2025-08-23 18:54:10,155 INFO    • iface 14 | pin 10 'f' type='Data' pin_current=0.0 | conn 6 'dfd' conn_current=0 | module 3 'module2'
2025-08-23 18:54:10,155 INFO    • iface 15 | pin 7 'pin121' type='Data' pin_current=0.0 | conn 4 'conn1-2' conn_current=0 | module 2 'module1'
2025-08-23 18:54:10,155 INFO    • iface 15 | pin 14 'f' type='Data' pin_current=0.0 | conn 8 'ergf' conn_current=0 | module 3 'module2'
2025-08-23 18:54:10,155 INFO    • iface 16 | pin 3 'pin111' type='Data' pin_current=0.0 | conn 5 'conn1-1' conn_current=0 | module 2 'module1'
2025-08-23 18:54:10,155 INFO    • iface 16 | pin 5 '5' type='Data' pin_current=0.0 | conn 2 'f' conn_current=0 | module 1 'تدتسنیدبس'
2025-08-23 18:54:10,155 INFO    • iface 17 | pin 16 'gb' type='Data' pin_current=0.0 | conn 7 'vdfv' conn_current=0 | module 3 'module2'
2025-08-23 18:54:10,155 INFO    • iface 17 | pin 5 '5' type='Data' pin_current=0.0 | conn 2 'f' conn_current=0 | module 1 'تدتسنیدبس'
2025-08-23 18:54:10,155 INFO    • iface 18 | pin 7 'pin121' type='Data' pin_current=0.0 | conn 4 'conn1-2' conn_current=0 | module 2 'module1'
2025-08-23 18:54:10,155 INFO    • iface 18 | pin 19 'fu' type='Voltage' pin_current=0.21 | conn 6 'dfd' conn_current=0 | module 3 'module2'
2025-08-23 18:54:10,155 INFO 🧪 No power-like pins matched; check pin/connector naming, pin_type, or that current is on connector.
2025-08-23 18:54:10,155 INFO 🔌 Total Current: 0.00 A from 0 VCC pins
2025-08-23 18:54:10,157 INFO 🧩 Active scene interfaces detected: [1, 2, 3, 4, 5, 6, 7, 8]
2025-08-23 18:54:10,157 INFO 🔌 Calculating current for displayed modules: {1, 2, 3} (interfaces in scene: [1, 2, 3, 4, 5, 6, 7, 8])
2025-08-23 18:54:10,157 INFO 🧪 Diagnostic dump for active interfaces:
2025-08-23 18:54:10,157 INFO    • iface 1 | pin 1 '3' type='Data' pin_current=0.0 | conn None 'None' conn_current=0 | module None 'None'
2025-08-23 18:54:10,157 INFO    • iface 1 | pin 3 'pin111' type='Data' pin_current=0.0 | conn 5 'conn1-1' conn_current=0 | module 2 'module1'
2025-08-23 18:54:10,157 INFO    • iface 5 | pin None 'None' type='None' pin_current=None | conn None 'None' conn_current=0 | module None 'None'
2025-08-23 18:54:10,157 INFO    • iface 6 | pin None 'None' type='None' pin_current=None | conn None 'None' conn_current=0 | module None 'None'
2025-08-23 18:54:10,157 INFO    • iface 7 | pin None 'None' type='None' pin_current=None | conn None 'None' conn_current=0 | module None 'None'
2025-08-23 18:54:10,157 INFO    • iface 8 | pin None 'None' type='None' pin_current=None | conn None 'None' conn_current=0 | module None 'None'
2025-08-23 18:54:10,157 INFO 🧪 No power-like pins matched; check pin/connector naming, pin_type, or that current is on connector.
2025-08-23 18:54:10,157 INFO 🔌 Total Current: 0.00 A from 0 VCC pins
2025-08-23 18:54:10,160 INFO 🧩 Active scene interfaces detected: [14, 15, 16, 17, 18]
2025-08-23 18:54:10,160 INFO 🔌 Calculating current for displayed modules: {1, 2, 3} (interfaces in scene: [14, 15, 16, 17, 18])
2025-08-23 18:54:10,160 INFO 🧪 Diagnostic dump for active interfaces:
2025-08-23 18:54:10,160 INFO    • iface 14 | pin 3 'pin111' type='Data' pin_current=0.0 | conn 5 'conn1-1' conn_current=0 | module 2 'module1'
2025-08-23 18:54:10,160 INFO    • iface 14 | pin 10 'f' type='Data' pin_current=0.0 | conn 6 'dfd' conn_current=0 | module 3 'module2'
2025-08-23 18:54:10,160 INFO    • iface 15 | pin 7 'pin121' type='Data' pin_current=0.0 | conn 4 'conn1-2' conn_current=0 | module 2 'module1'
2025-08-23 18:54:10,160 INFO    • iface 15 | pin 14 'f' type='Data' pin_current=0.0 | conn 8 'ergf' conn_current=0 | module 3 'module2'
2025-08-23 18:54:10,160 INFO    • iface 16 | pin 3 'pin111' type='Data' pin_current=0.0 | conn 5 'conn1-1' conn_current=0 | module 2 'module1'
2025-08-23 18:54:10,160 INFO    • iface 16 | pin 5 '5' type='Data' pin_current=0.0 | conn 2 'f' conn_current=0 | module 1 'تدتسنیدبس'
2025-08-23 18:54:10,160 INFO    • iface 17 | pin 16 'gb' type='Data' pin_current=0.0 | conn 7 'vdfv' conn_current=0 | module 3 'module2'
2025-08-23 18:54:10,160 INFO    • iface 17 | pin 5 '5' type='Data' pin_current=0.0 | conn 2 'f' conn_current=0 | module 1 'تدتسنیدبس'
2025-08-23 18:54:10,160 INFO    • iface 18 | pin 7 'pin121' type='Data' pin_current=0.0 | conn 4 'conn1-2' conn_current=0 | module 2 'module1'
2025-08-23 18:54:10,160 INFO    • iface 18 | pin 19 'fu' type='Voltage' pin_current=0.21 | conn 6 'dfd' conn_current=0 | module 3 'module2'
2025-08-23 18:54:10,160 INFO 🧪 No power-like pins matched; check pin/connector naming, pin_type, or that current is on connector.
2025-08-23 18:54:10,160 INFO 🔌 Total Current: 0.00 A from 0 VCC pins
2025-08-23 18:54:10,162 INFO 🧩 Active scene interfaces detected: [1, 2, 3, 4, 5, 6, 7, 8]
2025-08-23 18:54:10,162 INFO 🔌 Calculating current for displayed modules: {1, 2, 3} (interfaces in scene: [1, 2, 3, 4, 5, 6, 7, 8])
2025-08-23 18:54:10,162 INFO 🧪 Diagnostic dump for active interfaces:
2025-08-23 18:54:10,162 INFO    • iface 1 | pin 1 '3' type='Data' pin_current=0.0 | conn None 'None' conn_current=0 | module None 'None'
2025-08-23 18:54:10,162 INFO    • iface 1 | pin 3 'pin111' type='Data' pin_current=0.0 | conn 5 'conn1-1' conn_current=0 | module 2 'module1'
2025-08-23 18:54:10,163 INFO    • iface 5 | pin None 'None' type='None' pin_current=None | conn None 'None' conn_current=0 | module None 'None'
2025-08-23 18:54:10,163 INFO    • iface 6 | pin None 'None' type='None' pin_current=None | conn None 'None' conn_current=0 | module None 'None'
2025-08-23 18:54:10,163 INFO    • iface 7 | pin None 'None' type='None' pin_current=None | conn None 'None' conn_current=0 | module None 'None'
2025-08-23 18:54:10,163 INFO    • iface 8 | pin None 'None' type='None' pin_current=None | conn None 'None' conn_current=0 | module None 'None'
2025-08-23 18:54:10,163 INFO 🧪 No power-like pins matched; check pin/connector naming, pin_type, or that current is on connector.
2025-08-23 18:54:10,163 INFO 🔌 Total Current: 0.00 A from 0 VCC pins
2025-08-23 18:54:10,166 INFO 🧩 Active scene interfaces detected: [14, 15, 16, 17, 18]
2025-08-23 18:54:10,166 INFO 🔌 Calculating current for displayed modules: {1, 2, 3} (interfaces in scene: [14, 15, 16, 17, 18])
2025-08-23 18:54:10,166 INFO 🧪 Diagnostic dump for active interfaces:
2025-08-23 18:54:10,166 INFO    • iface 14 | pin 3 'pin111' type='Data' pin_current=0.0 | conn 5 'conn1-1' conn_current=0 | module 2 'module1'
2025-08-23 18:54:10,166 INFO    • iface 14 | pin 10 'f' type='Data' pin_current=0.0 | conn 6 'dfd' conn_current=0 | module 3 'module2'
2025-08-23 18:54:10,166 INFO    • iface 15 | pin 7 'pin121' type='Data' pin_current=0.0 | conn 4 'conn1-2' conn_current=0 | module 2 'module1'
2025-08-23 18:54:10,166 INFO    • iface 15 | pin 14 'f' type='Data' pin_current=0.0 | conn 8 'ergf' conn_current=0 | module 3 'module2'
2025-08-23 18:54:10,166 INFO    • iface 16 | pin 3 'pin111' type='Data' pin_current=0.0 | conn 5 'conn1-1' conn_current=0 | module 2 'module1'
2025-08-23 18:54:10,166 INFO    • iface 16 | pin 5 '5' type='Data' pin_current=0.0 | conn 2 'f' conn_current=0 | module 1 'تدتسنیدبس'
2025-08-23 18:54:10,166 INFO    • iface 17 | pin 16 'gb' type='Data' pin_current=0.0 | conn 7 'vdfv' conn_current=0 | module 3 'module2'
2025-08-23 18:54:10,166 INFO    • iface 17 | pin 5 '5' type='Data' pin_current=0.0 | conn 2 'f' conn_current=0 | module 1 'تدتسنیدبس'
2025-08-23 18:54:10,166 INFO    • iface 18 | pin 7 'pin121' type='Data' pin_current=0.0 | conn 4 'conn1-2' conn_current=0 | module 2 'module1'
2025-08-23 18:54:10,166 INFO    • iface 18 | pin 19 'fu' type='Voltage' pin_current=0.21 | conn 6 'dfd' conn_current=0 | module 3 'module2'
2025-08-23 18:54:10,166 INFO 🧪 No power-like pins matched; check pin/connector naming, pin_type, or that current is on connector.
2025-08-23 18:54:10,166 INFO 🔌 Total Current: 0.00 A from 0 VCC pins
2025-08-23 18:54:10,168 INFO 🧩 Active scene interfaces detected: [1, 2, 3, 4, 5, 6, 7, 8]
2025-08-23 18:54:10,168 INFO 🔌 Calculating current for displayed modules: {1, 2, 3} (interfaces in scene: [1, 2, 3, 4, 5, 6, 7, 8])
2025-08-23 18:54:10,168 INFO 🧪 Diagnostic dump for active interfaces:
2025-08-23 18:54:10,169 INFO    • iface 1 | pin 1 '3' type='Data' pin_current=0.0 | conn None 'None' conn_current=0 | module None 'None'
2025-08-23 18:54:10,169 INFO    • iface 1 | pin 3 'pin111' type='Data' pin_current=0.0 | conn 5 'conn1-1' conn_current=0 | module 2 'module1'
2025-08-23 18:54:10,169 INFO    • iface 5 | pin None 'None' type='None' pin_current=None | conn None 'None' conn_current=0 | module None 'None'
2025-08-23 18:54:10,169 INFO    • iface 6 | pin None 'None' type='None' pin_current=None | conn None 'None' conn_current=0 | module None 'None'
2025-08-23 18:54:10,169 INFO    • iface 7 | pin None 'None' type='None' pin_current=None | conn None 'None' conn_current=0 | module None 'None'
2025-08-23 18:54:10,169 INFO    • iface 8 | pin None 'None' type='None' pin_current=None | conn None 'None' conn_current=0 | module None 'None'
2025-08-23 18:54:10,169 INFO 🧪 No power-like pins matched; check pin/connector naming, pin_type, or that current is on connector.
2025-08-23 18:54:10,169 INFO 🔌 Total Current: 0.00 A from 0 VCC pins
2025-08-23 18:54:10,171 INFO 🧩 Active scene interfaces detected: [14, 15, 16, 17, 18]
2025-08-23 18:54:10,171 INFO 🔌 Calculating current for displayed modules: {1, 2, 3} (interfaces in scene: [14, 15, 16, 17, 18])
2025-08-23 18:54:10,171 INFO 🧪 Diagnostic dump for active interfaces:
2025-08-23 18:54:10,171 INFO    • iface 14 | pin 3 'pin111' type='Data' pin_current=0.0 | conn 5 'conn1-1' conn_current=0 | module 2 'module1'
2025-08-23 18:54:10,171 INFO    • iface 14 | pin 10 'f' type='Data' pin_current=0.0 | conn 6 'dfd' conn_current=0 | module 3 'module2'
2025-08-23 18:54:10,171 INFO    • iface 15 | pin 7 'pin121' type='Data' pin_current=0.0 | conn 4 'conn1-2' conn_current=0 | module 2 'module1'
2025-08-23 18:54:10,171 INFO    • iface 15 | pin 14 'f' type='Data' pin_current=0.0 | conn 8 'ergf' conn_current=0 | module 3 'module2'
2025-08-23 18:54:10,171 INFO    • iface 16 | pin 3 'pin111' type='Data' pin_current=0.0 | conn 5 'conn1-1' conn_current=0 | module 2 'module1'
2025-08-23 18:54:10,171 INFO    • iface 16 | pin 5 '5' type='Data' pin_current=0.0 | conn 2 'f' conn_current=0 | module 1 'تدتسنیدبس'
2025-08-23 18:54:10,171 INFO    • iface 17 | pin 16 'gb' type='Data' pin_current=0.0 | conn 7 'vdfv' conn_current=0 | module 3 'module2'
2025-08-23 18:54:10,171 INFO    • iface 17 | pin 5 '5' type='Data' pin_current=0.0 | conn 2 'f' conn_current=0 | module 1 'تدتسنیدبس'
2025-08-23 18:54:10,171 INFO    • iface 18 | pin 7 'pin121' type='Data' pin_current=0.0 | conn 4 'conn1-2' conn_current=0 | module 2 'module1'
2025-08-23 18:54:10,171 INFO    • iface 18 | pin 19 'fu' type='Voltage' pin_current=0.21 | conn 6 'dfd' conn_current=0 | module 3 'module2'
2025-08-23 18:54:10,171 INFO 🧪 No power-like pins matched; check pin/connector naming, pin_type, or that current is on connector.
2025-08-23 18:54:10,171 INFO 🔌 Total Current: 0.00 A from 0 VCC pins
2025-08-23 18:54:10,173 INFO 🧩 Active scene interfaces detected: [1, 2, 3, 4, 5, 6, 7, 8]
2025-08-23 18:54:10,173 INFO 🔌 Calculating current for displayed modules: {1, 2, 3} (interfaces in scene: [1, 2, 3, 4, 5, 6, 7, 8])
2025-08-23 18:54:10,174 INFO 🧪 Diagnostic dump for active interfaces:
2025-08-23 18:54:10,174 INFO    • iface 1 | pin 1 '3' type='Data' pin_current=0.0 | conn None 'None' conn_current=0 | module None 'None'
2025-08-23 18:54:10,174 INFO    • iface 1 | pin 3 'pin111' type='Data' pin_current=0.0 | conn 5 'conn1-1' conn_current=0 | module 2 'module1'
2025-08-23 18:54:10,174 INFO    • iface 5 | pin None 'None' type='None' pin_current=None | conn None 'None' conn_current=0 | module None 'None'
2025-08-23 18:54:10,174 INFO    • iface 6 | pin None 'None' type='None' pin_current=None | conn None 'None' conn_current=0 | module None 'None'
2025-08-23 18:54:10,174 INFO    • iface 7 | pin None 'None' type='None' pin_current=None | conn None 'None' conn_current=0 | module None 'None'
2025-08-23 18:54:10,174 INFO    • iface 8 | pin None 'None' type='None' pin_current=None | conn None 'None' conn_current=0 | module None 'None'
2025-08-23 18:54:10,174 INFO 🧪 No power-like pins matched; check pin/connector naming, pin_type, or that current is on connector.
2025-08-23 18:54:10,174 INFO 🔌 Total Current: 0.00 A from 0 VCC pins
2025-08-23 18:54:10,176 INFO 🧩 Active scene interfaces detected: [14, 15, 16, 17, 18]
2025-08-23 18:54:10,176 INFO 🔌 Calculating current for displayed modules: {1, 2, 3} (interfaces in scene: [14, 15, 16, 17, 18])
2025-08-23 18:54:10,176 INFO 🧪 Diagnostic dump for active interfaces:
2025-08-23 18:54:10,176 INFO    • iface 14 | pin 3 'pin111' type='Data' pin_current=0.0 | conn 5 'conn1-1' conn_current=0 | module 2 'module1'
2025-08-23 18:54:10,176 INFO    • iface 14 | pin 10 'f' type='Data' pin_current=0.0 | conn 6 'dfd' conn_current=0 | module 3 'module2'
2025-08-23 18:54:10,176 INFO    • iface 15 | pin 7 'pin121' type='Data' pin_current=0.0 | conn 4 'conn1-2' conn_current=0 | module 2 'module1'
2025-08-23 18:54:10,176 INFO    • iface 15 | pin 14 'f' type='Data' pin_current=0.0 | conn 8 'ergf' conn_current=0 | module 3 'module2'
2025-08-23 18:54:10,176 INFO    • iface 16 | pin 3 'pin111' type='Data' pin_current=0.0 | conn 5 'conn1-1' conn_current=0 | module 2 'module1'
2025-08-23 18:54:10,176 INFO    • iface 16 | pin 5 '5' type='Data' pin_current=0.0 | conn 2 'f' conn_current=0 | module 1 'تدتسنیدبس'
2025-08-23 18:54:10,176 INFO    • iface 17 | pin 16 'gb' type='Data' pin_current=0.0 | conn 7 'vdfv' conn_current=0 | module 3 'module2'
2025-08-23 18:54:10,176 INFO    • iface 17 | pin 5 '5' type='Data' pin_current=0.0 | conn 2 'f' conn_current=0 | module 1 'تدتسنیدبس'
2025-08-23 18:54:10,176 INFO    • iface 18 | pin 7 'pin121' type='Data' pin_current=0.0 | conn 4 'conn1-2' conn_current=0 | module 2 'module1'
2025-08-23 18:54:10,176 INFO    • iface 18 | pin 19 'fu' type='Voltage' pin_current=0.21 | conn 6 'dfd' conn_current=0 | module 3 'module2'
2025-08-23 18:54:10,176 INFO 🧪 No power-like pins matched; check pin/connector naming, pin_type, or that current is on connector.
2025-08-23 18:54:10,176 INFO 🔌 Total Current: 0.00 A from 0 VCC pins
2025-08-23 18:54:10,179 INFO 🧩 Active scene interfaces detected: [1, 2, 3, 4, 5, 6, 7, 8]
2025-08-23 18:54:10,179 INFO 🔌 Calculating current for displayed modules: {1, 2, 3} (interfaces in scene: [1, 2, 3, 4, 5, 6, 7, 8])
2025-08-23 18:54:10,179 INFO 🧪 Diagnostic dump for active interfaces:
2025-08-23 18:54:10,179 INFO    • iface 1 | pin 1 '3' type='Data' pin_current=0.0 | conn None 'None' conn_current=0 | module None 'None'
2025-08-23 18:54:10,179 INFO    • iface 1 | pin 3 'pin111' type='Data' pin_current=0.0 | conn 5 'conn1-1' conn_current=0 | module 2 'module1'
2025-08-23 18:54:10,179 INFO    • iface 5 | pin None 'None' type='None' pin_current=None | conn None 'None' conn_current=0 | module None 'None'
2025-08-23 18:54:10,179 INFO    • iface 6 | pin None 'None' type='None' pin_current=None | conn None 'None' conn_current=0 | module None 'None'
2025-08-23 18:54:10,179 INFO    • iface 7 | pin None 'None' type='None' pin_current=None | conn None 'None' conn_current=0 | module None 'None'
2025-08-23 18:54:10,179 INFO    • iface 8 | pin None 'None' type='None' pin_current=None | conn None 'None' conn_current=0 | module None 'None'
2025-08-23 18:54:10,179 INFO 🧪 No power-like pins matched; check pin/connector naming, pin_type, or that current is on connector.
2025-08-23 18:54:10,179 INFO 🔌 Total Current: 0.00 A from 0 VCC pins
2025-08-23 18:54:10,181 INFO 🧩 Active scene interfaces detected: [14, 15, 16, 17, 18]
2025-08-23 18:54:10,181 INFO 🔌 Calculating current for displayed modules: {1, 2, 3} (interfaces in scene: [14, 15, 16, 17, 18])
2025-08-23 18:54:10,181 INFO 🧪 Diagnostic dump for active interfaces:
2025-08-23 18:54:10,181 INFO    • iface 14 | pin 3 'pin111' type='Data' pin_current=0.0 | conn 5 'conn1-1' conn_current=0 | module 2 'module1'
2025-08-23 18:54:10,181 INFO    • iface 14 | pin 10 'f' type='Data' pin_current=0.0 | conn 6 'dfd' conn_current=0 | module 3 'module2'
2025-08-23 18:54:10,181 INFO    • iface 15 | pin 7 'pin121' type='Data' pin_current=0.0 | conn 4 'conn1-2' conn_current=0 | module 2 'module1'
2025-08-23 18:54:10,181 INFO    • iface 15 | pin 14 'f' type='Data' pin_current=0.0 | conn 8 'ergf' conn_current=0 | module 3 'module2'
2025-08-23 18:54:10,181 INFO    • iface 16 | pin 3 'pin111' type='Data' pin_current=0.0 | conn 5 'conn1-1' conn_current=0 | module 2 'module1'
2025-08-23 18:54:10,181 INFO    • iface 16 | pin 5 '5' type='Data' pin_current=0.0 | conn 2 'f' conn_current=0 | module 1 'تدتسنیدبس'
2025-08-23 18:54:10,181 INFO    • iface 17 | pin 16 'gb' type='Data' pin_current=0.0 | conn 7 'vdfv' conn_current=0 | module 3 'module2'
2025-08-23 18:54:10,181 INFO    • iface 17 | pin 5 '5' type='Data' pin_current=0.0 | conn 2 'f' conn_current=0 | module 1 'تدتسنیدبس'
2025-08-23 18:54:10,181 INFO    • iface 18 | pin 7 'pin121' type='Data' pin_current=0.0 | conn 4 'conn1-2' conn_current=0 | module 2 'module1'
2025-08-23 18:54:10,181 INFO    • iface 18 | pin 19 'fu' type='Voltage' pin_current=0.21 | conn 6 'dfd' conn_current=0 | module 3 'module2'
2025-08-23 18:54:10,181 INFO 🧪 No power-like pins matched; check pin/connector naming, pin_type, or that current is on connector.
2025-08-23 18:54:10,181 INFO 🔌 Total Current: 0.00 A from 0 VCC pins
2025-08-23 18:54:10,184 INFO 🧩 Active scene interfaces detected: [1, 2, 3, 4, 5, 6, 7, 8]
2025-08-23 18:54:10,184 INFO 🔌 Calculating current for displayed modules: {1, 2, 3} (interfaces in scene: [1, 2, 3, 4, 5, 6, 7, 8])
2025-08-23 18:54:10,184 INFO 🧪 Diagnostic dump for active interfaces:
2025-08-23 18:54:10,184 INFO    • iface 1 | pin 1 '3' type='Data' pin_current=0.0 | conn None 'None' conn_current=0 | module None 'None'
2025-08-23 18:54:10,184 INFO    • iface 1 | pin 3 'pin111' type='Data' pin_current=0.0 | conn 5 'conn1-1' conn_current=0 | module 2 'module1'
2025-08-23 18:54:10,184 INFO    • iface 5 | pin None 'None' type='None' pin_current=None | conn None 'None' conn_current=0 | module None 'None'
2025-08-23 18:54:10,184 INFO    • iface 6 | pin None 'None' type='None' pin_current=None | conn None 'None' conn_current=0 | module None 'None'
2025-08-23 18:54:10,184 INFO    • iface 7 | pin None 'None' type='None' pin_current=None | conn None 'None' conn_current=0 | module None 'None'
2025-08-23 18:54:10,184 INFO    • iface 8 | pin None 'None' type='None' pin_current=None | conn None 'None' conn_current=0 | module None 'None'
2025-08-23 18:54:10,184 INFO 🧪 No power-like pins matched; check pin/connector naming, pin_type, or that current is on connector.
2025-08-23 18:54:10,184 INFO 🔌 Total Current: 0.00 A from 0 VCC pins
2025-08-23 18:54:10,186 INFO 🧩 Active scene interfaces detected: [14, 15, 16, 17, 18]
2025-08-23 18:54:10,186 INFO 🔌 Calculating current for displayed modules: {1, 2, 3} (interfaces in scene: [14, 15, 16, 17, 18])
2025-08-23 18:54:10,186 INFO 🧪 Diagnostic dump for active interfaces:
2025-08-23 18:54:10,186 INFO    • iface 14 | pin 3 'pin111' type='Data' pin_current=0.0 | conn 5 'conn1-1' conn_current=0 | module 2 'module1'
2025-08-23 18:54:10,187 INFO    • iface 14 | pin 10 'f' type='Data' pin_current=0.0 | conn 6 'dfd' conn_current=0 | module 3 'module2'
2025-08-23 18:54:10,187 INFO    • iface 15 | pin 7 'pin121' type='Data' pin_current=0.0 | conn 4 'conn1-2' conn_current=0 | module 2 'module1'
2025-08-23 18:54:10,187 INFO    • iface 15 | pin 14 'f' type='Data' pin_current=0.0 | conn 8 'ergf' conn_current=0 | module 3 'module2'
2025-08-23 18:54:10,187 INFO    • iface 16 | pin 3 'pin111' type='Data' pin_current=0.0 | conn 5 'conn1-1' conn_current=0 | module 2 'module1'
2025-08-23 18:54:10,187 INFO    • iface 16 | pin 5 '5' type='Data' pin_current=0.0 | conn 2 'f' conn_current=0 | module 1 'تدتسنیدبس'
2025-08-23 18:54:10,187 INFO    • iface 17 | pin 16 'gb' type='Data' pin_current=0.0 | conn 7 'vdfv' conn_current=0 | module 3 'module2'
2025-08-23 18:54:10,187 INFO    • iface 17 | pin 5 '5' type='Data' pin_current=0.0 | conn 2 'f' conn_current=0 | module 1 'تدتسنیدبس'
2025-08-23 18:54:10,187 INFO    • iface 18 | pin 7 'pin121' type='Data' pin_current=0.0 | conn 4 'conn1-2' conn_current=0 | module 2 'module1'
2025-08-23 18:54:10,187 INFO    • iface 18 | pin 19 'fu' type='Voltage' pin_current=0.21 | conn 6 'dfd' conn_current=0 | module 3 'module2'
2025-08-23 18:54:10,187 INFO 🧪 No power-like pins matched; check pin/connector naming, pin_type, or that current is on connector.
2025-08-23 18:54:10,187 INFO 🔌 Total Current: 0.00 A from 0 VCC pins
2025-08-23 18:54:10,189 INFO 🧩 Active scene interfaces detected: [1, 2, 3, 4, 5, 6, 7, 8]
2025-08-23 18:54:10,189 INFO 🔌 Calculating current for displayed modules: {1, 2, 3} (interfaces in scene: [1, 2, 3, 4, 5, 6, 7, 8])
2025-08-23 18:54:10,189 INFO 🧪 Diagnostic dump for active interfaces:
2025-08-23 18:54:10,189 INFO    • iface 1 | pin 1 '3' type='Data' pin_current=0.0 | conn None 'None' conn_current=0 | module None 'None'
2025-08-23 18:54:10,189 INFO    • iface 1 | pin 3 'pin111' type='Data' pin_current=0.0 | conn 5 'conn1-1' conn_current=0 | module 2 'module1'
2025-08-23 18:54:10,189 INFO    • iface 5 | pin None 'None' type='None' pin_current=None | conn None 'None' conn_current=0 | module None 'None'
2025-08-23 18:54:10,189 INFO    • iface 6 | pin None 'None' type='None' pin_current=None | conn None 'None' conn_current=0 | module None 'None'
2025-08-23 18:54:10,189 INFO    • iface 7 | pin None 'None' type='None' pin_current=None | conn None 'None' conn_current=0 | module None 'None'
2025-08-23 18:54:10,189 INFO    • iface 8 | pin None 'None' type='None' pin_current=None | conn None 'None' conn_current=0 | module None 'None'
2025-08-23 18:54:10,189 INFO 🧪 No power-like pins matched; check pin/connector naming, pin_type, or that current is on connector.
2025-08-23 18:54:10,189 INFO 🔌 Total Current: 0.00 A from 0 VCC pins
2025-08-23 18:54:10,191 INFO 🧩 Active scene interfaces detected: [14, 15, 16, 17, 18]
2025-08-23 18:54:10,191 INFO 🔌 Calculating current for displayed modules: {1, 2, 3} (interfaces in scene: [14, 15, 16, 17, 18])
2025-08-23 18:54:10,192 INFO 🧪 Diagnostic dump for active interfaces:
2025-08-23 18:54:10,192 INFO    • iface 14 | pin 3 'pin111' type='Data' pin_current=0.0 | conn 5 'conn1-1' conn_current=0 | module 2 'module1'
2025-08-23 18:54:10,192 INFO    • iface 14 | pin 10 'f' type='Data' pin_current=0.0 | conn 6 'dfd' conn_current=0 | module 3 'module2'
2025-08-23 18:54:10,192 INFO    • iface 15 | pin 7 'pin121' type='Data' pin_current=0.0 | conn 4 'conn1-2' conn_current=0 | module 2 'module1'
2025-08-23 18:54:10,192 INFO    • iface 15 | pin 14 'f' type='Data' pin_current=0.0 | conn 8 'ergf' conn_current=0 | module 3 'module2'
2025-08-23 18:54:10,192 INFO    • iface 16 | pin 3 'pin111' type='Data' pin_current=0.0 | conn 5 'conn1-1' conn_current=0 | module 2 'module1'
2025-08-23 18:54:10,192 INFO    • iface 16 | pin 5 '5' type='Data' pin_current=0.0 | conn 2 'f' conn_current=0 | module 1 'تدتسنیدبس'
2025-08-23 18:54:10,192 INFO    • iface 17 | pin 16 'gb' type='Data' pin_current=0.0 | conn 7 'vdfv' conn_current=0 | module 3 'module2'
2025-08-23 18:54:10,192 INFO    • iface 17 | pin 5 '5' type='Data' pin_current=0.0 | conn 2 'f' conn_current=0 | module 1 'تدتسنیدبس'
2025-08-23 18:54:10,192 INFO    • iface 18 | pin 7 'pin121' type='Data' pin_current=0.0 | conn 4 'conn1-2' conn_current=0 | module 2 'module1'
2025-08-23 18:54:10,192 INFO    • iface 18 | pin 19 'fu' type='Voltage' pin_current=0.21 | conn 6 'dfd' conn_current=0 | module 3 'module2'
2025-08-23 18:54:10,192 INFO 🧪 No power-like pins matched; check pin/connector naming, pin_type, or that current is on connector.
2025-08-23 18:54:10,192 INFO 🔌 Total Current: 0.00 A from 0 VCC pins
2025-08-23 18:54:10,194 INFO 🧩 Active scene interfaces detected: [1, 2, 3, 4, 5, 6, 7, 8]
2025-08-23 18:54:10,194 INFO 🔌 Calculating current for displayed modules: {1, 2, 3} (interfaces in scene: [1, 2, 3, 4, 5, 6, 7, 8])
2025-08-23 18:54:10,194 INFO 🧪 Diagnostic dump for active interfaces:
2025-08-23 18:54:10,194 INFO    • iface 1 | pin 1 '3' type='Data' pin_current=0.0 | conn None 'None' conn_current=0 | module None 'None'
2025-08-23 18:54:10,194 INFO    • iface 1 | pin 3 'pin111' type='Data' pin_current=0.0 | conn 5 'conn1-1' conn_current=0 | module 2 'module1'
2025-08-23 18:54:10,194 INFO    • iface 5 | pin None 'None' type='None' pin_current=None | conn None 'None' conn_current=0 | module None 'None'
2025-08-23 18:54:10,194 INFO    • iface 6 | pin None 'None' type='None' pin_current=None | conn None 'None' conn_current=0 | module None 'None'
2025-08-23 18:54:10,194 INFO    • iface 7 | pin None 'None' type='None' pin_current=None | conn None 'None' conn_current=0 | module None 'None'
2025-08-23 18:54:10,194 INFO    • iface 8 | pin None 'None' type='None' pin_current=None | conn None 'None' conn_current=0 | module None 'None'
2025-08-23 18:54:10,195 INFO 🧪 No power-like pins matched; check pin/connector naming, pin_type, or that current is on connector.
2025-08-23 18:54:10,195 INFO 🔌 Total Current: 0.00 A from 0 VCC pins
2025-08-23 18:54:10,197 INFO 🧩 Active scene interfaces detected: [14, 15, 16, 17, 18]
2025-08-23 18:54:10,197 INFO 🔌 Calculating current for displayed modules: {1, 2, 3} (interfaces in scene: [14, 15, 16, 17, 18])
2025-08-23 18:54:10,197 INFO 🧪 Diagnostic dump for active interfaces:
2025-08-23 18:54:10,197 INFO    • iface 14 | pin 3 'pin111' type='Data' pin_current=0.0 | conn 5 'conn1-1' conn_current=0 | module 2 'module1'
2025-08-23 18:54:10,197 INFO    • iface 14 | pin 10 'f' type='Data' pin_current=0.0 | conn 6 'dfd' conn_current=0 | module 3 'module2'
2025-08-23 18:54:10,197 INFO    • iface 15 | pin 7 'pin121' type='Data' pin_current=0.0 | conn 4 'conn1-2' conn_current=0 | module 2 'module1'
2025-08-23 18:54:10,197 INFO    • iface 15 | pin 14 'f' type='Data' pin_current=0.0 | conn 8 'ergf' conn_current=0 | module 3 'module2'
2025-08-23 18:54:10,197 INFO    • iface 16 | pin 3 'pin111' type='Data' pin_current=0.0 | conn 5 'conn1-1' conn_current=0 | module 2 'module1'
2025-08-23 18:54:10,197 INFO    • iface 16 | pin 5 '5' type='Data' pin_current=0.0 | conn 2 'f' conn_current=0 | module 1 'تدتسنیدبس'
2025-08-23 18:54:10,197 INFO    • iface 17 | pin 16 'gb' type='Data' pin_current=0.0 | conn 7 'vdfv' conn_current=0 | module 3 'module2'
2025-08-23 18:54:10,197 INFO    • iface 17 | pin 5 '5' type='Data' pin_current=0.0 | conn 2 'f' conn_current=0 | module 1 'تدتسنیدبس'
2025-08-23 18:54:10,197 INFO    • iface 18 | pin 7 'pin121' type='Data' pin_current=0.0 | conn 4 'conn1-2' conn_current=0 | module 2 'module1'
2025-08-23 18:54:10,197 INFO    • iface 18 | pin 19 'fu' type='Voltage' pin_current=0.21 | conn 6 'dfd' conn_current=0 | module 3 'module2'
2025-08-23 18:54:10,197 INFO 🧪 No power-like pins matched; check pin/connector naming, pin_type, or that current is on connector.
2025-08-23 18:54:10,197 INFO 🔌 Total Current: 0.00 A from 0 VCC pins
2025-08-23 18:54:10,199 INFO 🧩 Active scene interfaces detected: [1, 2, 3, 4, 5, 6, 7, 8]
2025-08-23 18:54:10,199 INFO 🔌 Calculating current for displayed modules: {1, 2, 3} (interfaces in scene: [1, 2, 3, 4, 5, 6, 7, 8])
2025-08-23 18:54:10,199 INFO 🧪 Diagnostic dump for active interfaces:
2025-08-23 18:54:10,199 INFO    • iface 1 | pin 1 '3' type='Data' pin_current=0.0 | conn None 'None' conn_current=0 | module None 'None'
2025-08-23 18:54:10,199 INFO    • iface 1 | pin 3 'pin111' type='Data' pin_current=0.0 | conn 5 'conn1-1' conn_current=0 | module 2 'module1'
2025-08-23 18:54:10,199 INFO    • iface 5 | pin None 'None' type='None' pin_current=None | conn None 'None' conn_current=0 | module None 'None'
2025-08-23 18:54:10,199 INFO    • iface 6 | pin None 'None' type='None' pin_current=None | conn None 'None' conn_current=0 | module None 'None'
2025-08-23 18:54:10,200 INFO    • iface 7 | pin None 'None' type='None' pin_current=None | conn None 'None' conn_current=0 | module None 'None'
2025-08-23 18:54:10,200 INFO    • iface 8 | pin None 'None' type='None' pin_current=None | conn None 'None' conn_current=0 | module None 'None'
2025-08-23 18:54:10,200 INFO 🧪 No power-like pins matched; check pin/connector naming, pin_type, or that current is on connector.
2025-08-23 18:54:10,200 INFO 🔌 Total Current: 0.00 A from 0 VCC pins
2025-08-23 18:54:10,202 INFO 🧩 Active scene interfaces detected: [14, 15, 16, 17, 18]
2025-08-23 18:54:10,202 INFO 🔌 Calculating current for displayed modules: {1, 2, 3} (interfaces in scene: [14, 15, 16, 17, 18])
2025-08-23 18:54:10,202 INFO 🧪 Diagnostic dump for active interfaces:
2025-08-23 18:54:10,202 INFO    • iface 14 | pin 3 'pin111' type='Data' pin_current=0.0 | conn 5 'conn1-1' conn_current=0 | module 2 'module1'
2025-08-23 18:54:10,202 INFO    • iface 14 | pin 10 'f' type='Data' pin_current=0.0 | conn 6 'dfd' conn_current=0 | module 3 'module2'
2025-08-23 18:54:10,202 INFO    • iface 15 | pin 7 'pin121' type='Data' pin_current=0.0 | conn 4 'conn1-2' conn_current=0 | module 2 'module1'
2025-08-23 18:54:10,202 INFO    • iface 15 | pin 14 'f' type='Data' pin_current=0.0 | conn 8 'ergf' conn_current=0 | module 3 'module2'
2025-08-23 18:54:10,202 INFO    • iface 16 | pin 3 'pin111' type='Data' pin_current=0.0 | conn 5 'conn1-1' conn_current=0 | module 2 'module1'
2025-08-23 18:54:10,202 INFO    • iface 16 | pin 5 '5' type='Data' pin_current=0.0 | conn 2 'f' conn_current=0 | module 1 'تدتسنیدبس'
2025-08-23 18:54:10,202 INFO    • iface 17 | pin 16 'gb' type='Data' pin_current=0.0 | conn 7 'vdfv' conn_current=0 | module 3 'module2'
2025-08-23 18:54:10,202 INFO    • iface 17 | pin 5 '5' type='Data' pin_current=0.0 | conn 2 'f' conn_current=0 | module 1 'تدتسنیدبس'
2025-08-23 18:54:10,202 INFO    • iface 18 | pin 7 'pin121' type='Data' pin_current=0.0 | conn 4 'conn1-2' conn_current=0 | module 2 'module1'
2025-08-23 18:54:10,202 INFO    • iface 18 | pin 19 'fu' type='Voltage' pin_current=0.21 | conn 6 'dfd' conn_current=0 | module 3 'module2'
2025-08-23 18:54:10,202 INFO 🧪 No power-like pins matched; check pin/connector naming, pin_type, or that current is on connector.
2025-08-23 18:54:10,202 INFO 🔌 Total Current: 0.00 A from 0 VCC pins
2025-08-23 18:54:10,205 INFO 🧩 Active scene interfaces detected: [1, 2, 3, 4, 5, 6, 7, 8]
2025-08-23 18:54:10,205 INFO 🔌 Calculating current for displayed modules: {1, 2, 3} (interfaces in scene: [1, 2, 3, 4, 5, 6, 7, 8])
2025-08-23 18:54:10,205 INFO 🧪 Diagnostic dump for active interfaces:
2025-08-23 18:54:10,205 INFO    • iface 1 | pin 1 '3' type='Data' pin_current=0.0 | conn None 'None' conn_current=0 | module None 'None'
2025-08-23 18:54:10,205 INFO    • iface 1 | pin 3 'pin111' type='Data' pin_current=0.0 | conn 5 'conn1-1' conn_current=0 | module 2 'module1'
2025-08-23 18:54:10,205 INFO    • iface 5 | pin None 'None' type='None' pin_current=None | conn None 'None' conn_current=0 | module None 'None'
2025-08-23 18:54:10,205 INFO    • iface 6 | pin None 'None' type='None' pin_current=None | conn None 'None' conn_current=0 | module None 'None'
2025-08-23 18:54:10,205 INFO    • iface 7 | pin None 'None' type='None' pin_current=None | conn None 'None' conn_current=0 | module None 'None'
2025-08-23 18:54:10,205 INFO    • iface 8 | pin None 'None' type='None' pin_current=None | conn None 'None' conn_current=0 | module None 'None'
2025-08-23 18:54:10,205 INFO 🧪 No power-like pins matched; check pin/connector naming, pin_type, or that current is on connector.
2025-08-23 18:54:10,205 INFO 🔌 Total Current: 0.00 A from 0 VCC pins
2025-08-23 18:54:10,207 INFO 🧩 Active scene interfaces detected: [14, 15, 16, 17, 18]
2025-08-23 18:54:10,207 INFO 🔌 Calculating current for displayed modules: {1, 2, 3} (interfaces in scene: [14, 15, 16, 17, 18])
2025-08-23 18:54:10,207 INFO 🧪 Diagnostic dump for active interfaces:
2025-08-23 18:54:10,207 INFO    • iface 14 | pin 3 'pin111' type='Data' pin_current=0.0 | conn 5 'conn1-1' conn_current=0 | module 2 'module1'
2025-08-23 18:54:10,207 INFO    • iface 14 | pin 10 'f' type='Data' pin_current=0.0 | conn 6 'dfd' conn_current=0 | module 3 'module2'
2025-08-23 18:54:10,207 INFO    • iface 15 | pin 7 'pin121' type='Data' pin_current=0.0 | conn 4 'conn1-2' conn_current=0 | module 2 'module1'
2025-08-23 18:54:10,207 INFO    • iface 15 | pin 14 'f' type='Data' pin_current=0.0 | conn 8 'ergf' conn_current=0 | module 3 'module2'
2025-08-23 18:54:10,207 INFO    • iface 16 | pin 3 'pin111' type='Data' pin_current=0.0 | conn 5 'conn1-1' conn_current=0 | module 2 'module1'
2025-08-23 18:54:10,207 INFO    • iface 16 | pin 5 '5' type='Data' pin_current=0.0 | conn 2 'f' conn_current=0 | module 1 'تدتسنیدبس'
2025-08-23 18:54:10,207 INFO    • iface 17 | pin 16 'gb' type='Data' pin_current=0.0 | conn 7 'vdfv' conn_current=0 | module 3 'module2'
2025-08-23 18:54:10,207 INFO    • iface 17 | pin 5 '5' type='Data' pin_current=0.0 | conn 2 'f' conn_current=0 | module 1 'تدتسنیدبس'
2025-08-23 18:54:10,207 INFO    • iface 18 | pin 7 'pin121' type='Data' pin_current=0.0 | conn 4 'conn1-2' conn_current=0 | module 2 'module1'
2025-08-23 18:54:10,208 INFO    • iface 18 | pin 19 'fu' type='Voltage' pin_current=0.21 | conn 6 'dfd' conn_current=0 | module 3 'module2'
2025-08-23 18:54:10,208 INFO 🧪 No power-like pins matched; check pin/connector naming, pin_type, or that current is on connector.
2025-08-23 18:54:10,208 INFO 🔌 Total Current: 0.00 A from 0 VCC pins
2025-08-23 18:54:10,210 INFO 🧩 Active scene interfaces detected: [1, 2, 3, 4, 5, 6, 7, 8]
2025-08-23 18:54:10,210 INFO 🔌 Calculating current for displayed modules: {1, 2, 3} (interfaces in scene: [1, 2, 3, 4, 5, 6, 7, 8])
2025-08-23 18:54:10,210 INFO 🧪 Diagnostic dump for active interfaces:
2025-08-23 18:54:10,210 INFO    • iface 1 | pin 1 '3' type='Data' pin_current=0.0 | conn None 'None' conn_current=0 | module None 'None'
2025-08-23 18:54:10,210 INFO    • iface 1 | pin 3 'pin111' type='Data' pin_current=0.0 | conn 5 'conn1-1' conn_current=0 | module 2 'module1'
2025-08-23 18:54:10,210 INFO    • iface 5 | pin None 'None' type='None' pin_current=None | conn None 'None' conn_current=0 | module None 'None'
2025-08-23 18:54:10,210 INFO    • iface 6 | pin None 'None' type='None' pin_current=None | conn None 'None' conn_current=0 | module None 'None'
2025-08-23 18:54:10,210 INFO    • iface 7 | pin None 'None' type='None' pin_current=None | conn None 'None' conn_current=0 | module None 'None'
2025-08-23 18:54:10,210 INFO    • iface 8 | pin None 'None' type='None' pin_current=None | conn None 'None' conn_current=0 | module None 'None'
2025-08-23 18:54:10,210 INFO 🧪 No power-like pins matched; check pin/connector naming, pin_type, or that current is on connector.
2025-08-23 18:54:10,210 INFO 🔌 Total Current: 0.00 A from 0 VCC pins
2025-08-23 18:54:10,212 INFO 🧩 Active scene interfaces detected: [14, 15, 16, 17, 18]
2025-08-23 18:54:10,212 INFO 🔌 Calculating current for displayed modules: {1, 2, 3} (interfaces in scene: [14, 15, 16, 17, 18])
2025-08-23 18:54:10,213 INFO 🧪 Diagnostic dump for active interfaces:
2025-08-23 18:54:10,213 INFO    • iface 14 | pin 3 'pin111' type='Data' pin_current=0.0 | conn 5 'conn1-1' conn_current=0 | module 2 'module1'
2025-08-23 18:54:10,213 INFO    • iface 14 | pin 10 'f' type='Data' pin_current=0.0 | conn 6 'dfd' conn_current=0 | module 3 'module2'
2025-08-23 18:54:10,213 INFO    • iface 15 | pin 7 'pin121' type='Data' pin_current=0.0 | conn 4 'conn1-2' conn_current=0 | module 2 'module1'
2025-08-23 18:54:10,213 INFO    • iface 15 | pin 14 'f' type='Data' pin_current=0.0 | conn 8 'ergf' conn_current=0 | module 3 'module2'
2025-08-23 18:54:10,213 INFO    • iface 16 | pin 3 'pin111' type='Data' pin_current=0.0 | conn 5 'conn1-1' conn_current=0 | module 2 'module1'
2025-08-23 18:54:10,213 INFO    • iface 16 | pin 5 '5' type='Data' pin_current=0.0 | conn 2 'f' conn_current=0 | module 1 'تدتسنیدبس'
2025-08-23 18:54:10,213 INFO    • iface 17 | pin 16 'gb' type='Data' pin_current=0.0 | conn 7 'vdfv' conn_current=0 | module 3 'module2'
2025-08-23 18:54:10,213 INFO    • iface 17 | pin 5 '5' type='Data' pin_current=0.0 | conn 2 'f' conn_current=0 | module 1 'تدتسنیدبس'
2025-08-23 18:54:10,213 INFO    • iface 18 | pin 7 'pin121' type='Data' pin_current=0.0 | conn 4 'conn1-2' conn_current=0 | module 2 'module1'
2025-08-23 18:54:10,213 INFO    • iface 18 | pin 19 'fu' type='Voltage' pin_current=0.21 | conn 6 'dfd' conn_current=0 | module 3 'module2'
2025-08-23 18:54:10,213 INFO 🧪 No power-like pins matched; check pin/connector naming, pin_type, or that current is on connector.
2025-08-23 18:54:10,213 INFO 🔌 Total Current: 0.00 A from 0 VCC pins
2025-08-23 18:54:10,215 INFO 🧩 Active scene interfaces detected: [1, 2, 3, 4, 5, 6, 7, 8]
2025-08-23 18:54:10,215 INFO 🔌 Calculating current for displayed modules: {1, 2, 3} (interfaces in scene: [1, 2, 3, 4, 5, 6, 7, 8])
2025-08-23 18:54:10,215 INFO 🧪 Diagnostic dump for active interfaces:
2025-08-23 18:54:10,215 INFO    • iface 1 | pin 1 '3' type='Data' pin_current=0.0 | conn None 'None' conn_current=0 | module None 'None'
2025-08-23 18:54:10,215 INFO    • iface 1 | pin 3 'pin111' type='Data' pin_current=0.0 | conn 5 'conn1-1' conn_current=0 | module 2 'module1'
2025-08-23 18:54:10,215 INFO    • iface 5 | pin None 'None' type='None' pin_current=None | conn None 'None' conn_current=0 | module None 'None'
2025-08-23 18:54:10,215 INFO    • iface 6 | pin None 'None' type='None' pin_current=None | conn None 'None' conn_current=0 | module None 'None'
2025-08-23 18:54:10,215 INFO    • iface 7 | pin None 'None' type='None' pin_current=None | conn None 'None' conn_current=0 | module None 'None'
2025-08-23 18:54:10,215 INFO    • iface 8 | pin None 'None' type='None' pin_current=None | conn None 'None' conn_current=0 | module None 'None'
2025-08-23 18:54:10,215 INFO 🧪 No power-like pins matched; check pin/connector naming, pin_type, or that current is on connector.
2025-08-23 18:54:10,215 INFO 🔌 Total Current: 0.00 A from 0 VCC pins
2025-08-23 18:54:10,219 INFO 🧩 Active scene interfaces detected: [14, 15, 16, 17, 18]
2025-08-23 18:54:10,219 INFO 🔌 Calculating current for displayed modules: {1, 2, 3} (interfaces in scene: [14, 15, 16, 17, 18])
2025-08-23 18:54:10,219 INFO 🧪 Diagnostic dump for active interfaces:
2025-08-23 18:54:10,219 INFO    • iface 14 | pin 3 'pin111' type='Data' pin_current=0.0 | conn 5 'conn1-1' conn_current=0 | module 2 'module1'
2025-08-23 18:54:10,219 INFO    • iface 14 | pin 10 'f' type='Data' pin_current=0.0 | conn 6 'dfd' conn_current=0 | module 3 'module2'
2025-08-23 18:54:10,219 INFO    • iface 15 | pin 7 'pin121' type='Data' pin_current=0.0 | conn 4 'conn1-2' conn_current=0 | module 2 'module1'
2025-08-23 18:54:10,219 INFO    • iface 15 | pin 14 'f' type='Data' pin_current=0.0 | conn 8 'ergf' conn_current=0 | module 3 'module2'
2025-08-23 18:54:10,219 INFO    • iface 16 | pin 3 'pin111' type='Data' pin_current=0.0 | conn 5 'conn1-1' conn_current=0 | module 2 'module1'
2025-08-23 18:54:10,219 INFO    • iface 16 | pin 5 '5' type='Data' pin_current=0.0 | conn 2 'f' conn_current=0 | module 1 'تدتسنیدبس'
2025-08-23 18:54:10,219 INFO    • iface 17 | pin 16 'gb' type='Data' pin_current=0.0 | conn 7 'vdfv' conn_current=0 | module 3 'module2'
2025-08-23 18:54:10,219 INFO    • iface 17 | pin 5 '5' type='Data' pin_current=0.0 | conn 2 'f' conn_current=0 | module 1 'تدتسنیدبس'
2025-08-23 18:54:10,219 INFO    • iface 18 | pin 7 'pin121' type='Data' pin_current=0.0 | conn 4 'conn1-2' conn_current=0 | module 2 'module1'
2025-08-23 18:54:10,219 INFO    • iface 18 | pin 19 'fu' type='Voltage' pin_current=0.21 | conn 6 'dfd' conn_current=0 | module 3 'module2'
2025-08-23 18:54:10,219 INFO 🧪 No power-like pins matched; check pin/connector naming, pin_type, or that current is on connector.
2025-08-23 18:54:10,219 INFO 🔌 Total Current: 0.00 A from 0 VCC pins
2025-08-23 18:54:10,221 INFO 🧩 Active scene interfaces detected: [1, 2, 3, 4, 5, 6, 7, 8]
2025-08-23 18:54:10,221 INFO 🔌 Calculating current for displayed modules: {1, 2, 3} (interfaces in scene: [1, 2, 3, 4, 5, 6, 7, 8])
2025-08-23 18:54:10,222 INFO 🧪 Diagnostic dump for active interfaces:
2025-08-23 18:54:10,222 INFO    • iface 1 | pin 1 '3' type='Data' pin_current=0.0 | conn None 'None' conn_current=0 | module None 'None'
2025-08-23 18:54:10,222 INFO    • iface 1 | pin 3 'pin111' type='Data' pin_current=0.0 | conn 5 'conn1-1' conn_current=0 | module 2 'module1'
2025-08-23 18:54:10,222 INFO    • iface 5 | pin None 'None' type='None' pin_current=None | conn None 'None' conn_current=0 | module None 'None'
2025-08-23 18:54:10,222 INFO    • iface 6 | pin None 'None' type='None' pin_current=None | conn None 'None' conn_current=0 | module None 'None'
2025-08-23 18:54:10,222 INFO    • iface 7 | pin None 'None' type='None' pin_current=None | conn None 'None' conn_current=0 | module None 'None'
2025-08-23 18:54:10,222 INFO    • iface 8 | pin None 'None' type='None' pin_current=None | conn None 'None' conn_current=0 | module None 'None'
2025-08-23 18:54:10,222 INFO 🧪 No power-like pins matched; check pin/connector naming, pin_type, or that current is on connector.
2025-08-23 18:54:10,222 INFO 🔌 Total Current: 0.00 A from 0 VCC pins
2025-08-23 18:54:10,224 INFO 🧩 Active scene interfaces detected: [14, 15, 16, 17, 18]
2025-08-23 18:54:10,224 INFO 🔌 Calculating current for displayed modules: {1, 2, 3} (interfaces in scene: [14, 15, 16, 17, 18])
2025-08-23 18:54:10,224 INFO 🧪 Diagnostic dump for active interfaces:
2025-08-23 18:54:10,224 INFO    • iface 14 | pin 3 'pin111' type='Data' pin_current=0.0 | conn 5 'conn1-1' conn_current=0 | module 2 'module1'
2025-08-23 18:54:10,224 INFO    • iface 14 | pin 10 'f' type='Data' pin_current=0.0 | conn 6 'dfd' conn_current=0 | module 3 'module2'
2025-08-23 18:54:10,224 INFO    • iface 15 | pin 7 'pin121' type='Data' pin_current=0.0 | conn 4 'conn1-2' conn_current=0 | module 2 'module1'
2025-08-23 18:54:10,224 INFO    • iface 15 | pin 14 'f' type='Data' pin_current=0.0 | conn 8 'ergf' conn_current=0 | module 3 'module2'
2025-08-23 18:54:10,224 INFO    • iface 16 | pin 3 'pin111' type='Data' pin_current=0.0 | conn 5 'conn1-1' conn_current=0 | module 2 'module1'
2025-08-23 18:54:10,224 INFO    • iface 16 | pin 5 '5' type='Data' pin_current=0.0 | conn 2 'f' conn_current=0 | module 1 'تدتسنیدبس'
2025-08-23 18:54:10,224 INFO    • iface 17 | pin 16 'gb' type='Data' pin_current=0.0 | conn 7 'vdfv' conn_current=0 | module 3 'module2'
2025-08-23 18:54:10,224 INFO    • iface 17 | pin 5 '5' type='Data' pin_current=0.0 | conn 2 'f' conn_current=0 | module 1 'تدتسنیدبس'
2025-08-23 18:54:10,224 INFO    • iface 18 | pin 7 'pin121' type='Data' pin_current=0.0 | conn 4 'conn1-2' conn_current=0 | module 2 'module1'
2025-08-23 18:54:10,224 INFO    • iface 18 | pin 19 'fu' type='Voltage' pin_current=0.21 | conn 6 'dfd' conn_current=0 | module 3 'module2'
2025-08-23 18:54:10,225 INFO 🧪 No power-like pins matched; check pin/connector naming, pin_type, or that current is on connector.
2025-08-23 18:54:10,225 INFO 🔌 Total Current: 0.00 A from 0 VCC pins
2025-08-23 18:54:10,227 INFO 🧩 Active scene interfaces detected: [1, 2, 3, 4, 5, 6, 7, 8]
2025-08-23 18:54:10,227 INFO 🔌 Calculating current for displayed modules: {1, 2, 3} (interfaces in scene: [1, 2, 3, 4, 5, 6, 7, 8])
2025-08-23 18:54:10,228 INFO 🧪 Diagnostic dump for active interfaces:
2025-08-23 18:54:10,228 INFO    • iface 1 | pin 1 '3' type='Data' pin_current=0.0 | conn None 'None' conn_current=0 | module None 'None'
2025-08-23 18:54:10,228 INFO    • iface 1 | pin 3 'pin111' type='Data' pin_current=0.0 | conn 5 'conn1-1' conn_current=0 | module 2 'module1'
2025-08-23 18:54:10,228 INFO    • iface 5 | pin None 'None' type='None' pin_current=None | conn None 'None' conn_current=0 | module None 'None'
2025-08-23 18:54:10,228 INFO    • iface 6 | pin None 'None' type='None' pin_current=None | conn None 'None' conn_current=0 | module None 'None'
2025-08-23 18:54:10,228 INFO    • iface 7 | pin None 'None' type='None' pin_current=None | conn None 'None' conn_current=0 | module None 'None'
2025-08-23 18:54:10,228 INFO    • iface 8 | pin None 'None' type='None' pin_current=None | conn None 'None' conn_current=0 | module None 'None'
2025-08-23 18:54:10,228 INFO 🧪 No power-like pins matched; check pin/connector naming, pin_type, or that current is on connector.
2025-08-23 18:54:10,228 INFO 🔌 Total Current: 0.00 A from 0 VCC pins
2025-08-23 18:54:10,230 INFO 🧩 Active scene interfaces detected: [14, 15, 16, 17, 18]
2025-08-23 18:54:10,230 INFO 🔌 Calculating current for displayed modules: {1, 2, 3} (interfaces in scene: [14, 15, 16, 17, 18])
2025-08-23 18:54:10,230 INFO 🧪 Diagnostic dump for active interfaces:
2025-08-23 18:54:10,230 INFO    • iface 14 | pin 3 'pin111' type='Data' pin_current=0.0 | conn 5 'conn1-1' conn_current=0 | module 2 'module1'
2025-08-23 18:54:10,230 INFO    • iface 14 | pin 10 'f' type='Data' pin_current=0.0 | conn 6 'dfd' conn_current=0 | module 3 'module2'
2025-08-23 18:54:10,230 INFO    • iface 15 | pin 7 'pin121' type='Data' pin_current=0.0 | conn 4 'conn1-2' conn_current=0 | module 2 'module1'
2025-08-23 18:54:10,230 INFO    • iface 15 | pin 14 'f' type='Data' pin_current=0.0 | conn 8 'ergf' conn_current=0 | module 3 'module2'
2025-08-23 18:54:10,230 INFO    • iface 16 | pin 3 'pin111' type='Data' pin_current=0.0 | conn 5 'conn1-1' conn_current=0 | module 2 'module1'
2025-08-23 18:54:10,230 INFO    • iface 16 | pin 5 '5' type='Data' pin_current=0.0 | conn 2 'f' conn_current=0 | module 1 'تدتسنیدبس'
2025-08-23 18:54:10,230 INFO    • iface 17 | pin 16 'gb' type='Data' pin_current=0.0 | conn 7 'vdfv' conn_current=0 | module 3 'module2'
2025-08-23 18:54:10,230 INFO    • iface 17 | pin 5 '5' type='Data' pin_current=0.0 | conn 2 'f' conn_current=0 | module 1 'تدتسنیدبس'
2025-08-23 18:54:10,230 INFO    • iface 18 | pin 7 'pin121' type='Data' pin_current=0.0 | conn 4 'conn1-2' conn_current=0 | module 2 'module1'
2025-08-23 18:54:10,231 INFO    • iface 18 | pin 19 'fu' type='Voltage' pin_current=0.21 | conn 6 'dfd' conn_current=0 | module 3 'module2'
2025-08-23 18:54:10,231 INFO 🧪 No power-like pins matched; check pin/connector naming, pin_type, or that current is on connector.
2025-08-23 18:54:10,231 INFO 🔌 Total Current: 0.00 A from 0 VCC pins
2025-08-23 18:54:10,233 INFO 🧩 Active scene interfaces detected: [1, 2, 3, 4, 5, 6, 7, 8]
2025-08-23 18:54:10,233 INFO 🔌 Calculating current for displayed modules: {1, 2, 3} (interfaces in scene: [1, 2, 3, 4, 5, 6, 7, 8])
2025-08-23 18:54:10,233 INFO 🧪 Diagnostic dump for active interfaces:
2025-08-23 18:54:10,233 INFO    • iface 1 | pin 1 '3' type='Data' pin_current=0.0 | conn None 'None' conn_current=0 | module None 'None'
2025-08-23 18:54:10,233 INFO    • iface 1 | pin 3 'pin111' type='Data' pin_current=0.0 | conn 5 'conn1-1' conn_current=0 | module 2 'module1'
2025-08-23 18:54:10,233 INFO    • iface 5 | pin None 'None' type='None' pin_current=None | conn None 'None' conn_current=0 | module None 'None'
2025-08-23 18:54:10,233 INFO    • iface 6 | pin None 'None' type='None' pin_current=None | conn None 'None' conn_current=0 | module None 'None'
2025-08-23 18:54:10,233 INFO    • iface 7 | pin None 'None' type='None' pin_current=None | conn None 'None' conn_current=0 | module None 'None'
2025-08-23 18:54:10,233 INFO    • iface 8 | pin None 'None' type='None' pin_current=None | conn None 'None' conn_current=0 | module None 'None'
2025-08-23 18:54:10,233 INFO 🧪 No power-like pins matched; check pin/connector naming, pin_type, or that current is on connector.
2025-08-23 18:54:10,233 INFO 🔌 Total Current: 0.00 A from 0 VCC pins
2025-08-23 18:54:10,236 INFO 🧩 Active scene interfaces detected: [14, 15, 16, 17, 18]
2025-08-23 18:54:10,236 INFO 🔌 Calculating current for displayed modules: {1, 2, 3} (interfaces in scene: [14, 15, 16, 17, 18])
2025-08-23 18:54:10,236 INFO 🧪 Diagnostic dump for active interfaces:
2025-08-23 18:54:10,236 INFO    • iface 14 | pin 3 'pin111' type='Data' pin_current=0.0 | conn 5 'conn1-1' conn_current=0 | module 2 'module1'
2025-08-23 18:54:10,236 INFO    • iface 14 | pin 10 'f' type='Data' pin_current=0.0 | conn 6 'dfd' conn_current=0 | module 3 'module2'
2025-08-23 18:54:10,236 INFO    • iface 15 | pin 7 'pin121' type='Data' pin_current=0.0 | conn 4 'conn1-2' conn_current=0 | module 2 'module1'
2025-08-23 18:54:10,236 INFO    • iface 15 | pin 14 'f' type='Data' pin_current=0.0 | conn 8 'ergf' conn_current=0 | module 3 'module2'
2025-08-23 18:54:10,236 INFO    • iface 16 | pin 3 'pin111' type='Data' pin_current=0.0 | conn 5 'conn1-1' conn_current=0 | module 2 'module1'
2025-08-23 18:54:10,236 INFO    • iface 16 | pin 5 '5' type='Data' pin_current=0.0 | conn 2 'f' conn_current=0 | module 1 'تدتسنیدبس'
2025-08-23 18:54:10,236 INFO    • iface 17 | pin 16 'gb' type='Data' pin_current=0.0 | conn 7 'vdfv' conn_current=0 | module 3 'module2'
2025-08-23 18:54:10,236 INFO    • iface 17 | pin 5 '5' type='Data' pin_current=0.0 | conn 2 'f' conn_current=0 | module 1 'تدتسنیدبس'
2025-08-23 18:54:10,236 INFO    • iface 18 | pin 7 'pin121' type='Data' pin_current=0.0 | conn 4 'conn1-2' conn_current=0 | module 2 'module1'
2025-08-23 18:54:10,236 INFO    • iface 18 | pin 19 'fu' type='Voltage' pin_current=0.21 | conn 6 'dfd' conn_current=0 | module 3 'module2'
2025-08-23 18:54:10,236 INFO 🧪 No power-like pins matched; check pin/connector naming, pin_type, or that current is on connector.
2025-08-23 18:54:10,236 INFO 🔌 Total Current: 0.00 A from 0 VCC pins
2025-08-23 18:54:10,238 INFO 🧩 Active scene interfaces detected: [1, 2, 3, 4, 5, 6, 7, 8]
2025-08-23 18:54:10,238 INFO 🔌 Calculating current for displayed modules: {1, 2, 3} (interfaces in scene: [1, 2, 3, 4, 5, 6, 7, 8])
2025-08-23 18:54:10,238 INFO 🧪 Diagnostic dump for active interfaces:
2025-08-23 18:54:10,238 INFO    • iface 1 | pin 1 '3' type='Data' pin_current=0.0 | conn None 'None' conn_current=0 | module None 'None'
2025-08-23 18:54:10,238 INFO    • iface 1 | pin 3 'pin111' type='Data' pin_current=0.0 | conn 5 'conn1-1' conn_current=0 | module 2 'module1'
2025-08-23 18:54:10,239 INFO    • iface 5 | pin None 'None' type='None' pin_current=None | conn None 'None' conn_current=0 | module None 'None'
2025-08-23 18:54:10,239 INFO    • iface 6 | pin None 'None' type='None' pin_current=None | conn None 'None' conn_current=0 | module None 'None'
2025-08-23 18:54:10,239 INFO    • iface 7 | pin None 'None' type='None' pin_current=None | conn None 'None' conn_current=0 | module None 'None'
2025-08-23 18:54:10,239 INFO    • iface 8 | pin None 'None' type='None' pin_current=None | conn None 'None' conn_current=0 | module None 'None'
2025-08-23 18:54:10,239 INFO 🧪 No power-like pins matched; check pin/connector naming, pin_type, or that current is on connector.
2025-08-23 18:54:10,239 INFO 🔌 Total Current: 0.00 A from 0 VCC pins
2025-08-23 18:54:10,241 INFO 🧩 Active scene interfaces detected: [14, 15, 16, 17, 18]
2025-08-23 18:54:10,241 INFO 🔌 Calculating current for displayed modules: {1, 2, 3} (interfaces in scene: [14, 15, 16, 17, 18])
2025-08-23 18:54:10,241 INFO 🧪 Diagnostic dump for active interfaces:
2025-08-23 18:54:10,241 INFO    • iface 14 | pin 3 'pin111' type='Data' pin_current=0.0 | conn 5 'conn1-1' conn_current=0 | module 2 'module1'
2025-08-23 18:54:10,241 INFO    • iface 14 | pin 10 'f' type='Data' pin_current=0.0 | conn 6 'dfd' conn_current=0 | module 3 'module2'
2025-08-23 18:54:10,241 INFO    • iface 15 | pin 7 'pin121' type='Data' pin_current=0.0 | conn 4 'conn1-2' conn_current=0 | module 2 'module1'
2025-08-23 18:54:10,241 INFO    • iface 15 | pin 14 'f' type='Data' pin_current=0.0 | conn 8 'ergf' conn_current=0 | module 3 'module2'
2025-08-23 18:54:10,241 INFO    • iface 16 | pin 3 'pin111' type='Data' pin_current=0.0 | conn 5 'conn1-1' conn_current=0 | module 2 'module1'
2025-08-23 18:54:10,241 INFO    • iface 16 | pin 5 '5' type='Data' pin_current=0.0 | conn 2 'f' conn_current=0 | module 1 'تدتسنیدبس'
2025-08-23 18:54:10,241 INFO    • iface 17 | pin 16 'gb' type='Data' pin_current=0.0 | conn 7 'vdfv' conn_current=0 | module 3 'module2'
2025-08-23 18:54:10,241 INFO    • iface 17 | pin 5 '5' type='Data' pin_current=0.0 | conn 2 'f' conn_current=0 | module 1 'تدتسنیدبس'
2025-08-23 18:54:10,241 INFO    • iface 18 | pin 7 'pin121' type='Data' pin_current=0.0 | conn 4 'conn1-2' conn_current=0 | module 2 'module1'
2025-08-23 18:54:10,241 INFO    • iface 18 | pin 19 'fu' type='Voltage' pin_current=0.21 | conn 6 'dfd' conn_current=0 | module 3 'module2'
2025-08-23 18:54:10,241 INFO 🧪 No power-like pins matched; check pin/connector naming, pin_type, or that current is on connector.
2025-08-23 18:54:10,241 INFO 🔌 Total Current: 0.00 A from 0 VCC pins
2025-08-23 18:54:10,244 INFO 🧩 Active scene interfaces detected: [1, 2, 3, 4, 5, 6, 7, 8]
2025-08-23 18:54:10,244 INFO 🔌 Calculating current for displayed modules: {1, 2, 3} (interfaces in scene: [1, 2, 3, 4, 5, 6, 7, 8])
2025-08-23 18:54:10,244 INFO 🧪 Diagnostic dump for active interfaces:
2025-08-23 18:54:10,244 INFO    • iface 1 | pin 1 '3' type='Data' pin_current=0.0 | conn None 'None' conn_current=0 | module None 'None'
2025-08-23 18:54:10,244 INFO    • iface 1 | pin 3 'pin111' type='Data' pin_current=0.0 | conn 5 'conn1-1' conn_current=0 | module 2 'module1'
2025-08-23 18:54:10,244 INFO    • iface 5 | pin None 'None' type='None' pin_current=None | conn None 'None' conn_current=0 | module None 'None'
2025-08-23 18:54:10,244 INFO    • iface 6 | pin None 'None' type='None' pin_current=None | conn None 'None' conn_current=0 | module None 'None'
2025-08-23 18:54:10,244 INFO    • iface 7 | pin None 'None' type='None' pin_current=None | conn None 'None' conn_current=0 | module None 'None'
2025-08-23 18:54:10,244 INFO    • iface 8 | pin None 'None' type='None' pin_current=None | conn None 'None' conn_current=0 | module None 'None'
2025-08-23 18:54:10,244 INFO 🧪 No power-like pins matched; check pin/connector naming, pin_type, or that current is on connector.
2025-08-23 18:54:10,244 INFO 🔌 Total Current: 0.00 A from 0 VCC pins
2025-08-23 18:54:10,246 INFO 🧩 Active scene interfaces detected: [14, 15, 16, 17, 18]
2025-08-23 18:54:10,246 INFO 🔌 Calculating current for displayed modules: {1, 2, 3} (interfaces in scene: [14, 15, 16, 17, 18])
2025-08-23 18:54:10,246 INFO 🧪 Diagnostic dump for active interfaces:
2025-08-23 18:54:10,246 INFO    • iface 14 | pin 3 'pin111' type='Data' pin_current=0.0 | conn 5 'conn1-1' conn_current=0 | module 2 'module1'
2025-08-23 18:54:10,246 INFO    • iface 14 | pin 10 'f' type='Data' pin_current=0.0 | conn 6 'dfd' conn_current=0 | module 3 'module2'
2025-08-23 18:54:10,246 INFO    • iface 15 | pin 7 'pin121' type='Data' pin_current=0.0 | conn 4 'conn1-2' conn_current=0 | module 2 'module1'
2025-08-23 18:54:10,246 INFO    • iface 15 | pin 14 'f' type='Data' pin_current=0.0 | conn 8 'ergf' conn_current=0 | module 3 'module2'
2025-08-23 18:54:10,246 INFO    • iface 16 | pin 3 'pin111' type='Data' pin_current=0.0 | conn 5 'conn1-1' conn_current=0 | module 2 'module1'
2025-08-23 18:54:10,247 INFO    • iface 16 | pin 5 '5' type='Data' pin_current=0.0 | conn 2 'f' conn_current=0 | module 1 'تدتسنیدبس'
2025-08-23 18:54:10,247 INFO    • iface 17 | pin 16 'gb' type='Data' pin_current=0.0 | conn 7 'vdfv' conn_current=0 | module 3 'module2'
2025-08-23 18:54:10,247 INFO    • iface 17 | pin 5 '5' type='Data' pin_current=0.0 | conn 2 'f' conn_current=0 | module 1 'تدتسنیدبس'
2025-08-23 18:54:10,247 INFO    • iface 18 | pin 7 'pin121' type='Data' pin_current=0.0 | conn 4 'conn1-2' conn_current=0 | module 2 'module1'
2025-08-23 18:54:10,247 INFO    • iface 18 | pin 19 'fu' type='Voltage' pin_current=0.21 | conn 6 'dfd' conn_current=0 | module 3 'module2'
2025-08-23 18:54:10,247 INFO 🧪 No power-like pins matched; check pin/connector naming, pin_type, or that current is on connector.
2025-08-23 18:54:10,247 INFO 🔌 Total Current: 0.00 A from 0 VCC pins
2025-08-23 18:54:10,249 INFO 🧩 Active scene interfaces detected: [1, 2, 3, 4, 5, 6, 7, 8]
2025-08-23 18:54:10,249 INFO 🔌 Calculating current for displayed modules: {1, 2, 3} (interfaces in scene: [1, 2, 3, 4, 5, 6, 7, 8])
2025-08-23 18:54:10,249 INFO 🧪 Diagnostic dump for active interfaces:
2025-08-23 18:54:10,249 INFO    • iface 1 | pin 1 '3' type='Data' pin_current=0.0 | conn None 'None' conn_current=0 | module None 'None'
2025-08-23 18:54:10,249 INFO    • iface 1 | pin 3 'pin111' type='Data' pin_current=0.0 | conn 5 'conn1-1' conn_current=0 | module 2 'module1'
2025-08-23 18:54:10,249 INFO    • iface 5 | pin None 'None' type='None' pin_current=None | conn None 'None' conn_current=0 | module None 'None'
2025-08-23 18:54:10,249 INFO    • iface 6 | pin None 'None' type='None' pin_current=None | conn None 'None' conn_current=0 | module None 'None'
2025-08-23 18:54:10,249 INFO    • iface 7 | pin None 'None' type='None' pin_current=None | conn None 'None' conn_current=0 | module None 'None'
2025-08-23 18:54:10,249 INFO    • iface 8 | pin None 'None' type='None' pin_current=None | conn None 'None' conn_current=0 | module None 'None'
2025-08-23 18:54:10,249 INFO 🧪 No power-like pins matched; check pin/connector naming, pin_type, or that current is on connector.
2025-08-23 18:54:10,249 INFO 🔌 Total Current: 0.00 A from 0 VCC pins
2025-08-23 18:54:10,251 INFO 🧩 Active scene interfaces detected: [14, 15, 16, 17, 18]
2025-08-23 18:54:10,251 INFO 🔌 Calculating current for displayed modules: {1, 2, 3} (interfaces in scene: [14, 15, 16, 17, 18])
2025-08-23 18:54:10,252 INFO 🧪 Diagnostic dump for active interfaces:
2025-08-23 18:54:10,252 INFO    • iface 14 | pin 3 'pin111' type='Data' pin_current=0.0 | conn 5 'conn1-1' conn_current=0 | module 2 'module1'
2025-08-23 18:54:10,252 INFO    • iface 14 | pin 10 'f' type='Data' pin_current=0.0 | conn 6 'dfd' conn_current=0 | module 3 'module2'
2025-08-23 18:54:10,252 INFO    • iface 15 | pin 7 'pin121' type='Data' pin_current=0.0 | conn 4 'conn1-2' conn_current=0 | module 2 'module1'
2025-08-23 18:54:10,252 INFO    • iface 15 | pin 14 'f' type='Data' pin_current=0.0 | conn 8 'ergf' conn_current=0 | module 3 'module2'
2025-08-23 18:54:10,252 INFO    • iface 16 | pin 3 'pin111' type='Data' pin_current=0.0 | conn 5 'conn1-1' conn_current=0 | module 2 'module1'
2025-08-23 18:54:10,252 INFO    • iface 16 | pin 5 '5' type='Data' pin_current=0.0 | conn 2 'f' conn_current=0 | module 1 'تدتسنیدبس'
2025-08-23 18:54:10,252 INFO    • iface 17 | pin 16 'gb' type='Data' pin_current=0.0 | conn 7 'vdfv' conn_current=0 | module 3 'module2'
2025-08-23 18:54:10,252 INFO    • iface 17 | pin 5 '5' type='Data' pin_current=0.0 | conn 2 'f' conn_current=0 | module 1 'تدتسنیدبس'
2025-08-23 18:54:10,252 INFO    • iface 18 | pin 7 'pin121' type='Data' pin_current=0.0 | conn 4 'conn1-2' conn_current=0 | module 2 'module1'
2025-08-23 18:54:10,252 INFO    • iface 18 | pin 19 'fu' type='Voltage' pin_current=0.21 | conn 6 'dfd' conn_current=0 | module 3 'module2'
2025-08-23 18:54:10,252 INFO 🧪 No power-like pins matched; check pin/connector naming, pin_type, or that current is on connector.
2025-08-23 18:54:10,252 INFO 🔌 Total Current: 0.00 A from 0 VCC pins
2025-08-23 18:54:10,254 INFO 🧩 Active scene interfaces detected: [1, 2, 3, 4, 5, 6, 7, 8]
2025-08-23 18:54:10,254 INFO 🔌 Calculating current for displayed modules: {1, 2, 3} (interfaces in scene: [1, 2, 3, 4, 5, 6, 7, 8])
2025-08-23 18:54:10,255 INFO 🧪 Diagnostic dump for active interfaces:
2025-08-23 18:54:10,255 INFO    • iface 1 | pin 1 '3' type='Data' pin_current=0.0 | conn None 'None' conn_current=0 | module None 'None'
2025-08-23 18:54:10,255 INFO    • iface 1 | pin 3 'pin111' type='Data' pin_current=0.0 | conn 5 'conn1-1' conn_current=0 | module 2 'module1'
2025-08-23 18:54:10,255 INFO    • iface 5 | pin None 'None' type='None' pin_current=None | conn None 'None' conn_current=0 | module None 'None'
2025-08-23 18:54:10,255 INFO    • iface 6 | pin None 'None' type='None' pin_current=None | conn None 'None' conn_current=0 | module None 'None'
2025-08-23 18:54:10,255 INFO    • iface 7 | pin None 'None' type='None' pin_current=None | conn None 'None' conn_current=0 | module None 'None'
2025-08-23 18:54:10,255 INFO    • iface 8 | pin None 'None' type='None' pin_current=None | conn None 'None' conn_current=0 | module None 'None'
2025-08-23 18:54:10,255 INFO 🧪 No power-like pins matched; check pin/connector naming, pin_type, or that current is on connector.
2025-08-23 18:54:10,255 INFO 🔌 Total Current: 0.00 A from 0 VCC pins
2025-08-23 18:54:10,257 INFO 🧩 Active scene interfaces detected: [14, 15, 16, 17, 18]
2025-08-23 18:54:10,257 INFO 🔌 Calculating current for displayed modules: {1, 2, 3} (interfaces in scene: [14, 15, 16, 17, 18])
2025-08-23 18:54:10,257 INFO 🧪 Diagnostic dump for active interfaces:
2025-08-23 18:54:10,257 INFO    • iface 14 | pin 3 'pin111' type='Data' pin_current=0.0 | conn 5 'conn1-1' conn_current=0 | module 2 'module1'
2025-08-23 18:54:10,257 INFO    • iface 14 | pin 10 'f' type='Data' pin_current=0.0 | conn 6 'dfd' conn_current=0 | module 3 'module2'
2025-08-23 18:54:10,257 INFO    • iface 15 | pin 7 'pin121' type='Data' pin_current=0.0 | conn 4 'conn1-2' conn_current=0 | module 2 'module1'
2025-08-23 18:54:10,257 INFO    • iface 15 | pin 14 'f' type='Data' pin_current=0.0 | conn 8 'ergf' conn_current=0 | module 3 'module2'
2025-08-23 18:54:10,257 INFO    • iface 16 | pin 3 'pin111' type='Data' pin_current=0.0 | conn 5 'conn1-1' conn_current=0 | module 2 'module1'
2025-08-23 18:54:10,257 INFO    • iface 16 | pin 5 '5' type='Data' pin_current=0.0 | conn 2 'f' conn_current=0 | module 1 'تدتسنیدبس'
2025-08-23 18:54:10,257 INFO    • iface 17 | pin 16 'gb' type='Data' pin_current=0.0 | conn 7 'vdfv' conn_current=0 | module 3 'module2'
2025-08-23 18:54:10,257 INFO    • iface 17 | pin 5 '5' type='Data' pin_current=0.0 | conn 2 'f' conn_current=0 | module 1 'تدتسنیدبس'
2025-08-23 18:54:10,257 INFO    • iface 18 | pin 7 'pin121' type='Data' pin_current=0.0 | conn 4 'conn1-2' conn_current=0 | module 2 'module1'
2025-08-23 18:54:10,257 INFO    • iface 18 | pin 19 'fu' type='Voltage' pin_current=0.21 | conn 6 'dfd' conn_current=0 | module 3 'module2'
2025-08-23 18:54:10,257 INFO 🧪 No power-like pins matched; check pin/connector naming, pin_type, or that current is on connector.
2025-08-23 18:54:10,257 INFO 🔌 Total Current: 0.00 A from 0 VCC pins
2025-08-23 18:54:10,260 INFO 🧩 Active scene interfaces detected: [1, 2, 3, 4, 5, 6, 7, 8]
2025-08-23 18:54:10,260 INFO 🔌 Calculating current for displayed modules: {1, 2, 3} (interfaces in scene: [1, 2, 3, 4, 5, 6, 7, 8])
2025-08-23 18:54:10,260 INFO 🧪 Diagnostic dump for active interfaces:
2025-08-23 18:54:10,260 INFO    • iface 1 | pin 1 '3' type='Data' pin_current=0.0 | conn None 'None' conn_current=0 | module None 'None'
2025-08-23 18:54:10,260 INFO    • iface 1 | pin 3 'pin111' type='Data' pin_current=0.0 | conn 5 'conn1-1' conn_current=0 | module 2 'module1'
2025-08-23 18:54:10,260 INFO    • iface 5 | pin None 'None' type='None' pin_current=None | conn None 'None' conn_current=0 | module None 'None'
2025-08-23 18:54:10,260 INFO    • iface 6 | pin None 'None' type='None' pin_current=None | conn None 'None' conn_current=0 | module None 'None'
2025-08-23 18:54:10,260 INFO    • iface 7 | pin None 'None' type='None' pin_current=None | conn None 'None' conn_current=0 | module None 'None'
2025-08-23 18:54:10,260 INFO    • iface 8 | pin None 'None' type='None' pin_current=None | conn None 'None' conn_current=0 | module None 'None'
2025-08-23 18:54:10,260 INFO 🧪 No power-like pins matched; check pin/connector naming, pin_type, or that current is on connector.
2025-08-23 18:54:10,260 INFO 🔌 Total Current: 0.00 A from 0 VCC pins
2025-08-23 18:54:10,262 INFO 🧩 Active scene interfaces detected: [14, 15, 16, 17, 18]
2025-08-23 18:54:10,262 INFO 🔌 Calculating current for displayed modules: {1, 2, 3} (interfaces in scene: [14, 15, 16, 17, 18])
2025-08-23 18:54:10,263 INFO 🧪 Diagnostic dump for active interfaces:
2025-08-23 18:54:10,263 INFO    • iface 14 | pin 3 'pin111' type='Data' pin_current=0.0 | conn 5 'conn1-1' conn_current=0 | module 2 'module1'
2025-08-23 18:54:10,263 INFO    • iface 14 | pin 10 'f' type='Data' pin_current=0.0 | conn 6 'dfd' conn_current=0 | module 3 'module2'
2025-08-23 18:54:10,263 INFO    • iface 15 | pin 7 'pin121' type='Data' pin_current=0.0 | conn 4 'conn1-2' conn_current=0 | module 2 'module1'
2025-08-23 18:54:10,263 INFO    • iface 15 | pin 14 'f' type='Data' pin_current=0.0 | conn 8 'ergf' conn_current=0 | module 3 'module2'
2025-08-23 18:54:10,263 INFO    • iface 16 | pin 3 'pin111' type='Data' pin_current=0.0 | conn 5 'conn1-1' conn_current=0 | module 2 'module1'
2025-08-23 18:54:10,263 INFO    • iface 16 | pin 5 '5' type='Data' pin_current=0.0 | conn 2 'f' conn_current=0 | module 1 'تدتسنیدبس'
2025-08-23 18:54:10,263 INFO    • iface 17 | pin 16 'gb' type='Data' pin_current=0.0 | conn 7 'vdfv' conn_current=0 | module 3 'module2'
2025-08-23 18:54:10,263 INFO    • iface 17 | pin 5 '5' type='Data' pin_current=0.0 | conn 2 'f' conn_current=0 | module 1 'تدتسنیدبس'
2025-08-23 18:54:10,263 INFO    • iface 18 | pin 7 'pin121' type='Data' pin_current=0.0 | conn 4 'conn1-2' conn_current=0 | module 2 'module1'
2025-08-23 18:54:10,263 INFO    • iface 18 | pin 19 'fu' type='Voltage' pin_current=0.21 | conn 6 'dfd' conn_current=0 | module 3 'module2'
2025-08-23 18:54:10,263 INFO 🧪 No power-like pins matched; check pin/connector naming, pin_type, or that current is on connector.
2025-08-23 18:54:10,263 INFO 🔌 Total Current: 0.00 A from 0 VCC pins
2025-08-23 18:54:10,265 INFO 🧩 Active scene interfaces detected: [1, 2, 3, 4, 5, 6, 7, 8]
2025-08-23 18:54:10,265 INFO 🔌 Calculating current for displayed modules: {1, 2, 3} (interfaces in scene: [1, 2, 3, 4, 5, 6, 7, 8])
2025-08-23 18:54:10,265 INFO 🧪 Diagnostic dump for active interfaces:
2025-08-23 18:54:10,265 INFO    • iface 1 | pin 1 '3' type='Data' pin_current=0.0 | conn None 'None' conn_current=0 | module None 'None'
2025-08-23 18:54:10,265 INFO    • iface 1 | pin 3 'pin111' type='Data' pin_current=0.0 | conn 5 'conn1-1' conn_current=0 | module 2 'module1'
2025-08-23 18:54:10,265 INFO    • iface 5 | pin None 'None' type='None' pin_current=None | conn None 'None' conn_current=0 | module None 'None'
2025-08-23 18:54:10,265 INFO    • iface 6 | pin None 'None' type='None' pin_current=None | conn None 'None' conn_current=0 | module None 'None'
2025-08-23 18:54:10,265 INFO    • iface 7 | pin None 'None' type='None' pin_current=None | conn None 'None' conn_current=0 | module None 'None'
2025-08-23 18:54:10,265 INFO    • iface 8 | pin None 'None' type='None' pin_current=None | conn None 'None' conn_current=0 | module None 'None'
2025-08-23 18:54:10,266 INFO 🧪 No power-like pins matched; check pin/connector naming, pin_type, or that current is on connector.
2025-08-23 18:54:10,266 INFO 🔌 Total Current: 0.00 A from 0 VCC pins
2025-08-23 18:54:10,268 INFO 🧩 Active scene interfaces detected: [14, 15, 16, 17, 18]
2025-08-23 18:54:10,268 INFO 🔌 Calculating current for displayed modules: {1, 2, 3} (interfaces in scene: [14, 15, 16, 17, 18])
2025-08-23 18:54:10,268 INFO 🧪 Diagnostic dump for active interfaces:
2025-08-23 18:54:10,268 INFO    • iface 14 | pin 3 'pin111' type='Data' pin_current=0.0 | conn 5 'conn1-1' conn_current=0 | module 2 'module1'
2025-08-23 18:54:10,268 INFO    • iface 14 | pin 10 'f' type='Data' pin_current=0.0 | conn 6 'dfd' conn_current=0 | module 3 'module2'
2025-08-23 18:54:10,268 INFO    • iface 15 | pin 7 'pin121' type='Data' pin_current=0.0 | conn 4 'conn1-2' conn_current=0 | module 2 'module1'
2025-08-23 18:54:10,268 INFO    • iface 15 | pin 14 'f' type='Data' pin_current=0.0 | conn 8 'ergf' conn_current=0 | module 3 'module2'
2025-08-23 18:54:10,268 INFO    • iface 16 | pin 3 'pin111' type='Data' pin_current=0.0 | conn 5 'conn1-1' conn_current=0 | module 2 'module1'
2025-08-23 18:54:10,268 INFO    • iface 16 | pin 5 '5' type='Data' pin_current=0.0 | conn 2 'f' conn_current=0 | module 1 'تدتسنیدبس'
2025-08-23 18:54:10,268 INFO    • iface 17 | pin 16 'gb' type='Data' pin_current=0.0 | conn 7 'vdfv' conn_current=0 | module 3 'module2'
2025-08-23 18:54:10,268 INFO    • iface 17 | pin 5 '5' type='Data' pin_current=0.0 | conn 2 'f' conn_current=0 | module 1 'تدتسنیدبس'
2025-08-23 18:54:10,268 INFO    • iface 18 | pin 7 'pin121' type='Data' pin_current=0.0 | conn 4 'conn1-2' conn_current=0 | module 2 'module1'
2025-08-23 18:54:10,268 INFO    • iface 18 | pin 19 'fu' type='Voltage' pin_current=0.21 | conn 6 'dfd' conn_current=0 | module 3 'module2'
2025-08-23 18:54:10,268 INFO 🧪 No power-like pins matched; check pin/connector naming, pin_type, or that current is on connector.
2025-08-23 18:54:10,268 INFO 🔌 Total Current: 0.00 A from 0 VCC pins
2025-08-23 18:54:10,271 INFO 🧩 Active scene interfaces detected: [1, 2, 3, 4, 5, 6, 7, 8]
2025-08-23 18:54:10,271 INFO 🔌 Calculating current for displayed modules: {1, 2, 3} (interfaces in scene: [1, 2, 3, 4, 5, 6, 7, 8])
2025-08-23 18:54:10,271 INFO 🧪 Diagnostic dump for active interfaces:
2025-08-23 18:54:10,271 INFO    • iface 1 | pin 1 '3' type='Data' pin_current=0.0 | conn None 'None' conn_current=0 | module None 'None'
2025-08-23 18:54:10,271 INFO    • iface 1 | pin 3 'pin111' type='Data' pin_current=0.0 | conn 5 'conn1-1' conn_current=0 | module 2 'module1'
2025-08-23 18:54:10,271 INFO    • iface 5 | pin None 'None' type='None' pin_current=None | conn None 'None' conn_current=0 | module None 'None'
2025-08-23 18:54:10,271 INFO    • iface 6 | pin None 'None' type='None' pin_current=None | conn None 'None' conn_current=0 | module None 'None'
2025-08-23 18:54:10,271 INFO    • iface 7 | pin None 'None' type='None' pin_current=None | conn None 'None' conn_current=0 | module None 'None'
2025-08-23 18:54:10,271 INFO    • iface 8 | pin None 'None' type='None' pin_current=None | conn None 'None' conn_current=0 | module None 'None'
2025-08-23 18:54:10,271 INFO 🧪 No power-like pins matched; check pin/connector naming, pin_type, or that current is on connector.
2025-08-23 18:54:10,271 INFO 🔌 Total Current: 0.00 A from 0 VCC pins
2025-08-23 18:54:10,273 INFO 🧩 Active scene interfaces detected: [14, 15, 16, 17, 18]
2025-08-23 18:54:10,273 INFO 🔌 Calculating current for displayed modules: {1, 2, 3} (interfaces in scene: [14, 15, 16, 17, 18])
2025-08-23 18:54:10,273 INFO 🧪 Diagnostic dump for active interfaces:
2025-08-23 18:54:10,273 INFO    • iface 14 | pin 3 'pin111' type='Data' pin_current=0.0 | conn 5 'conn1-1' conn_current=0 | module 2 'module1'
2025-08-23 18:54:10,273 INFO    • iface 14 | pin 10 'f' type='Data' pin_current=0.0 | conn 6 'dfd' conn_current=0 | module 3 'module2'
2025-08-23 18:54:10,273 INFO    • iface 15 | pin 7 'pin121' type='Data' pin_current=0.0 | conn 4 'conn1-2' conn_current=0 | module 2 'module1'
2025-08-23 18:54:10,273 INFO    • iface 15 | pin 14 'f' type='Data' pin_current=0.0 | conn 8 'ergf' conn_current=0 | module 3 'module2'
2025-08-23 18:54:10,273 INFO    • iface 16 | pin 3 'pin111' type='Data' pin_current=0.0 | conn 5 'conn1-1' conn_current=0 | module 2 'module1'
2025-08-23 18:54:10,273 INFO    • iface 16 | pin 5 '5' type='Data' pin_current=0.0 | conn 2 'f' conn_current=0 | module 1 'تدتسنیدبس'
2025-08-23 18:54:10,273 INFO    • iface 17 | pin 16 'gb' type='Data' pin_current=0.0 | conn 7 'vdfv' conn_current=0 | module 3 'module2'
2025-08-23 18:54:10,273 INFO    • iface 17 | pin 5 '5' type='Data' pin_current=0.0 | conn 2 'f' conn_current=0 | module 1 'تدتسنیدبس'
2025-08-23 18:54:10,273 INFO    • iface 18 | pin 7 'pin121' type='Data' pin_current=0.0 | conn 4 'conn1-2' conn_current=0 | module 2 'module1'
2025-08-23 18:54:10,273 INFO    • iface 18 | pin 19 'fu' type='Voltage' pin_current=0.21 | conn 6 'dfd' conn_current=0 | module 3 'module2'
2025-08-23 18:54:10,273 INFO 🧪 No power-like pins matched; check pin/connector naming, pin_type, or that current is on connector.
2025-08-23 18:54:10,273 INFO 🔌 Total Current: 0.00 A from 0 VCC pins
2025-08-23 18:54:10,277 INFO 🧩 Active scene interfaces detected: [1, 2, 3, 4, 5, 6, 7, 8]
2025-08-23 18:54:10,277 INFO 🔌 Calculating current for displayed modules: {1, 2, 3} (interfaces in scene: [1, 2, 3, 4, 5, 6, 7, 8])
2025-08-23 18:54:10,277 INFO 🧪 Diagnostic dump for active interfaces:
2025-08-23 18:54:10,277 INFO    • iface 1 | pin 1 '3' type='Data' pin_current=0.0 | conn None 'None' conn_current=0 | module None 'None'
2025-08-23 18:54:10,277 INFO    • iface 1 | pin 3 'pin111' type='Data' pin_current=0.0 | conn 5 'conn1-1' conn_current=0 | module 2 'module1'
2025-08-23 18:54:10,277 INFO    • iface 5 | pin None 'None' type='None' pin_current=None | conn None 'None' conn_current=0 | module None 'None'
2025-08-23 18:54:10,277 INFO    • iface 6 | pin None 'None' type='None' pin_current=None | conn None 'None' conn_current=0 | module None 'None'
2025-08-23 18:54:10,278 INFO    • iface 7 | pin None 'None' type='None' pin_current=None | conn None 'None' conn_current=0 | module None 'None'
2025-08-23 18:54:10,278 INFO    • iface 8 | pin None 'None' type='None' pin_current=None | conn None 'None' conn_current=0 | module None 'None'
2025-08-23 18:54:10,278 INFO 🧪 No power-like pins matched; check pin/connector naming, pin_type, or that current is on connector.
2025-08-23 18:54:10,278 INFO 🔌 Total Current: 0.00 A from 0 VCC pins
2025-08-23 18:54:10,280 INFO 🧩 Active scene interfaces detected: [14, 15, 16, 17, 18]
2025-08-23 18:54:10,280 INFO 🔌 Calculating current for displayed modules: {1, 2, 3} (interfaces in scene: [14, 15, 16, 17, 18])
2025-08-23 18:54:10,280 INFO 🧪 Diagnostic dump for active interfaces:
2025-08-23 18:54:10,280 INFO    • iface 14 | pin 3 'pin111' type='Data' pin_current=0.0 | conn 5 'conn1-1' conn_current=0 | module 2 'module1'
2025-08-23 18:54:10,280 INFO    • iface 14 | pin 10 'f' type='Data' pin_current=0.0 | conn 6 'dfd' conn_current=0 | module 3 'module2'
2025-08-23 18:54:10,280 INFO    • iface 15 | pin 7 'pin121' type='Data' pin_current=0.0 | conn 4 'conn1-2' conn_current=0 | module 2 'module1'
2025-08-23 18:54:10,280 INFO    • iface 15 | pin 14 'f' type='Data' pin_current=0.0 | conn 8 'ergf' conn_current=0 | module 3 'module2'
2025-08-23 18:54:10,280 INFO    • iface 16 | pin 3 'pin111' type='Data' pin_current=0.0 | conn 5 'conn1-1' conn_current=0 | module 2 'module1'
2025-08-23 18:54:10,280 INFO    • iface 16 | pin 5 '5' type='Data' pin_current=0.0 | conn 2 'f' conn_current=0 | module 1 'تدتسنیدبس'
2025-08-23 18:54:10,280 INFO    • iface 17 | pin 16 'gb' type='Data' pin_current=0.0 | conn 7 'vdfv' conn_current=0 | module 3 'module2'
2025-08-23 18:54:10,280 INFO    • iface 17 | pin 5 '5' type='Data' pin_current=0.0 | conn 2 'f' conn_current=0 | module 1 'تدتسنیدبس'
2025-08-23 18:54:10,280 INFO    • iface 18 | pin 7 'pin121' type='Data' pin_current=0.0 | conn 4 'conn1-2' conn_current=0 | module 2 'module1'
2025-08-23 18:54:10,280 INFO    • iface 18 | pin 19 'fu' type='Voltage' pin_current=0.21 | conn 6 'dfd' conn_current=0 | module 3 'module2'
2025-08-23 18:54:10,280 INFO 🧪 No power-like pins matched; check pin/connector naming, pin_type, or that current is on connector.
2025-08-23 18:54:10,280 INFO 🔌 Total Current: 0.00 A from 0 VCC pins
2025-08-23 18:54:10,289 INFO 🧩 Active scene interfaces detected: [1, 2, 3, 4, 5, 6, 7, 8]
2025-08-23 18:54:10,289 INFO 🔌 Calculating current for displayed modules: {1, 2, 3} (interfaces in scene: [1, 2, 3, 4, 5, 6, 7, 8])
2025-08-23 18:54:10,289 INFO 🧪 Diagnostic dump for active interfaces:
2025-08-23 18:54:10,289 INFO    • iface 1 | pin 1 '3' type='Data' pin_current=0.0 | conn None 'None' conn_current=0 | module None 'None'
2025-08-23 18:54:10,289 INFO    • iface 1 | pin 3 'pin111' type='Data' pin_current=0.0 | conn 5 'conn1-1' conn_current=0 | module 2 'module1'
2025-08-23 18:54:10,289 INFO    • iface 5 | pin None 'None' type='None' pin_current=None | conn None 'None' conn_current=0 | module None 'None'
2025-08-23 18:54:10,289 INFO    • iface 6 | pin None 'None' type='None' pin_current=None | conn None 'None' conn_current=0 | module None 'None'
2025-08-23 18:54:10,289 INFO    • iface 7 | pin None 'None' type='None' pin_current=None | conn None 'None' conn_current=0 | module None 'None'
2025-08-23 18:54:10,289 INFO    • iface 8 | pin None 'None' type='None' pin_current=None | conn None 'None' conn_current=0 | module None 'None'
2025-08-23 18:54:10,290 INFO 🧪 No power-like pins matched; check pin/connector naming, pin_type, or that current is on connector.
2025-08-23 18:54:10,290 INFO 🔌 Total Current: 0.00 A from 0 VCC pins
2025-08-23 18:54:10,292 INFO 🧩 Active scene interfaces detected: [14, 15, 16, 17, 18]
2025-08-23 18:54:10,292 INFO 🔌 Calculating current for displayed modules: {1, 2, 3} (interfaces in scene: [14, 15, 16, 17, 18])
2025-08-23 18:54:10,292 INFO 🧪 Diagnostic dump for active interfaces:
2025-08-23 18:54:10,292 INFO    • iface 14 | pin 3 'pin111' type='Data' pin_current=0.0 | conn 5 'conn1-1' conn_current=0 | module 2 'module1'
2025-08-23 18:54:10,292 INFO    • iface 14 | pin 10 'f' type='Data' pin_current=0.0 | conn 6 'dfd' conn_current=0 | module 3 'module2'
2025-08-23 18:54:10,292 INFO    • iface 15 | pin 7 'pin121' type='Data' pin_current=0.0 | conn 4 'conn1-2' conn_current=0 | module 2 'module1'
2025-08-23 18:54:10,292 INFO    • iface 15 | pin 14 'f' type='Data' pin_current=0.0 | conn 8 'ergf' conn_current=0 | module 3 'module2'
2025-08-23 18:54:10,292 INFO    • iface 16 | pin 3 'pin111' type='Data' pin_current=0.0 | conn 5 'conn1-1' conn_current=0 | module 2 'module1'
2025-08-23 18:54:10,292 INFO    • iface 16 | pin 5 '5' type='Data' pin_current=0.0 | conn 2 'f' conn_current=0 | module 1 'تدتسنیدبس'
2025-08-23 18:54:10,292 INFO    • iface 17 | pin 16 'gb' type='Data' pin_current=0.0 | conn 7 'vdfv' conn_current=0 | module 3 'module2'
2025-08-23 18:54:10,292 INFO    • iface 17 | pin 5 '5' type='Data' pin_current=0.0 | conn 2 'f' conn_current=0 | module 1 'تدتسنیدبس'
2025-08-23 18:54:10,292 INFO    • iface 18 | pin 7 'pin121' type='Data' pin_current=0.0 | conn 4 'conn1-2' conn_current=0 | module 2 'module1'
2025-08-23 18:54:10,292 INFO    • iface 18 | pin 19 'fu' type='Voltage' pin_current=0.21 | conn 6 'dfd' conn_current=0 | module 3 'module2'
2025-08-23 18:54:10,292 INFO 🧪 No power-like pins matched; check pin/connector naming, pin_type, or that current is on connector.
2025-08-23 18:54:10,292 INFO 🔌 Total Current: 0.00 A from 0 VCC pins
2025-08-23 18:54:10,294 INFO 🧩 Active scene interfaces detected: [1, 2, 3, 4, 5, 6, 7, 8]
2025-08-23 18:54:10,294 INFO 🔌 Calculating current for displayed modules: {1, 2, 3} (interfaces in scene: [1, 2, 3, 4, 5, 6, 7, 8])
2025-08-23 18:54:10,295 INFO 🧪 Diagnostic dump for active interfaces:
2025-08-23 18:54:10,295 INFO    • iface 1 | pin 1 '3' type='Data' pin_current=0.0 | conn None 'None' conn_current=0 | module None 'None'
2025-08-23 18:54:10,295 INFO    • iface 1 | pin 3 'pin111' type='Data' pin_current=0.0 | conn 5 'conn1-1' conn_current=0 | module 2 'module1'
2025-08-23 18:54:10,295 INFO    • iface 5 | pin None 'None' type='None' pin_current=None | conn None 'None' conn_current=0 | module None 'None'
2025-08-23 18:54:10,295 INFO    • iface 6 | pin None 'None' type='None' pin_current=None | conn None 'None' conn_current=0 | module None 'None'
2025-08-23 18:54:10,295 INFO    • iface 7 | pin None 'None' type='None' pin_current=None | conn None 'None' conn_current=0 | module None 'None'
2025-08-23 18:54:10,295 INFO    • iface 8 | pin None 'None' type='None' pin_current=None | conn None 'None' conn_current=0 | module None 'None'
2025-08-23 18:54:10,295 INFO 🧪 No power-like pins matched; check pin/connector naming, pin_type, or that current is on connector.
2025-08-23 18:54:10,295 INFO 🔌 Total Current: 0.00 A from 0 VCC pins
2025-08-23 18:54:10,297 INFO 🧩 Active scene interfaces detected: [14, 15, 16, 17, 18]
2025-08-23 18:54:10,297 INFO 🔌 Calculating current for displayed modules: {1, 2, 3} (interfaces in scene: [14, 15, 16, 17, 18])
2025-08-23 18:54:10,297 INFO 🧪 Diagnostic dump for active interfaces:
2025-08-23 18:54:10,297 INFO    • iface 14 | pin 3 'pin111' type='Data' pin_current=0.0 | conn 5 'conn1-1' conn_current=0 | module 2 'module1'
2025-08-23 18:54:10,297 INFO    • iface 14 | pin 10 'f' type='Data' pin_current=0.0 | conn 6 'dfd' conn_current=0 | module 3 'module2'
2025-08-23 18:54:10,297 INFO    • iface 15 | pin 7 'pin121' type='Data' pin_current=0.0 | conn 4 'conn1-2' conn_current=0 | module 2 'module1'
2025-08-23 18:54:10,297 INFO    • iface 15 | pin 14 'f' type='Data' pin_current=0.0 | conn 8 'ergf' conn_current=0 | module 3 'module2'
2025-08-23 18:54:10,297 INFO    • iface 16 | pin 3 'pin111' type='Data' pin_current=0.0 | conn 5 'conn1-1' conn_current=0 | module 2 'module1'
2025-08-23 18:54:10,297 INFO    • iface 16 | pin 5 '5' type='Data' pin_current=0.0 | conn 2 'f' conn_current=0 | module 1 'تدتسنیدبس'
2025-08-23 18:54:10,297 INFO    • iface 17 | pin 16 'gb' type='Data' pin_current=0.0 | conn 7 'vdfv' conn_current=0 | module 3 'module2'
2025-08-23 18:54:10,297 INFO    • iface 17 | pin 5 '5' type='Data' pin_current=0.0 | conn 2 'f' conn_current=0 | module 1 'تدتسنیدبس'
2025-08-23 18:54:10,297 INFO    • iface 18 | pin 7 'pin121' type='Data' pin_current=0.0 | conn 4 'conn1-2' conn_current=0 | module 2 'module1'
2025-08-23 18:54:10,297 INFO    • iface 18 | pin 19 'fu' type='Voltage' pin_current=0.21 | conn 6 'dfd' conn_current=0 | module 3 'module2'
2025-08-23 18:54:10,297 INFO 🧪 No power-like pins matched; check pin/connector naming, pin_type, or that current is on connector.
2025-08-23 18:54:10,297 INFO 🔌 Total Current: 0.00 A from 0 VCC pins
2025-08-23 18:55:49,332 INFO 🧩 Active scene interfaces detected: NONE
2025-08-23 18:55:49,332 INFO 🔌 Total Current: 0.00 A from 0 VCC pins (no active scene connections)
2025-08-23 18:55:51,196 INFO 🧩 Active scene interfaces detected: NONE
2025-08-23 18:55:51,196 INFO 🔌 Total Current: 0.00 A from 0 VCC pins (no active scene connections)
2025-08-23 18:55:51,197 INFO 🧩 Active scene interfaces detected: NONE
2025-08-23 18:55:51,197 INFO 🔌 Total Current: 0.00 A from 0 VCC pins (no active scene connections)
2025-08-23 18:55:53,409 INFO 🧩 Active scene interfaces detected: [1, 2]
2025-08-23 18:55:53,409 INFO 🔌 Calculating current for displayed modules: {1} (interfaces in scene: [1, 2])
2025-08-23 18:55:53,409 INFO 🧪 Diagnostic dump for active interfaces:
2025-08-23 18:55:53,409 INFO    • iface 1 | pin 1 '3' type='Data' pin_current=0.0 | conn None 'None' conn_current=0 | module None 'None'
2025-08-23 18:55:53,410 INFO    • iface 1 | pin 3 'pin111' type='Data' pin_current=0.0 | conn 5 'conn1-1' conn_current=0 | module 2 'module1'
2025-08-23 18:55:53,410 INFO 🧪 No power-like pins matched; check pin/connector naming, pin_type, or that current is on connector.
2025-08-23 18:55:53,410 INFO 🔌 Total Current: 0.00 A from 0 VCC pins
2025-08-23 18:55:53,411 INFO 🧩 Active scene interfaces detected: [1, 2]
2025-08-23 18:55:53,411 INFO 🔌 Calculating current for displayed modules: {1} (interfaces in scene: [1, 2])
2025-08-23 18:55:53,411 INFO 🧪 Diagnostic dump for active interfaces:
2025-08-23 18:55:53,411 INFO    • iface 1 | pin 1 '3' type='Data' pin_current=0.0 | conn None 'None' conn_current=0 | module None 'None'
2025-08-23 18:55:53,411 INFO    • iface 1 | pin 3 'pin111' type='Data' pin_current=0.0 | conn 5 'conn1-1' conn_current=0 | module 2 'module1'
2025-08-23 18:55:53,411 INFO 🧪 No power-like pins matched; check pin/connector naming, pin_type, or that current is on connector.
2025-08-23 18:55:53,411 INFO 🔌 Total Current: 0.00 A from 0 VCC pins
2025-08-23 18:55:53,413 INFO 🧩 Active scene interfaces detected: [1, 2]
2025-08-23 18:55:53,413 INFO 🔌 Calculating current for displayed modules: {1} (interfaces in scene: [1, 2])
2025-08-23 18:55:53,413 INFO 🧪 Diagnostic dump for active interfaces:
2025-08-23 18:55:53,413 INFO    • iface 1 | pin 1 '3' type='Data' pin_current=0.0 | conn None 'None' conn_current=0 | module None 'None'
2025-08-23 18:55:53,413 INFO    • iface 1 | pin 3 'pin111' type='Data' pin_current=0.0 | conn 5 'conn1-1' conn_current=0 | module 2 'module1'
2025-08-23 18:55:53,413 INFO 🧪 No power-like pins matched; check pin/connector naming, pin_type, or that current is on connector.
2025-08-23 18:55:53,413 INFO 🔌 Total Current: 0.00 A from 0 VCC pins
2025-08-23 18:55:53,414 INFO 🧩 Active scene interfaces detected: [1, 2]
2025-08-23 18:55:53,414 INFO 🔌 Calculating current for displayed modules: {1} (interfaces in scene: [1, 2])
2025-08-23 18:55:53,414 INFO 🧪 Diagnostic dump for active interfaces:
2025-08-23 18:55:53,414 INFO    • iface 1 | pin 1 '3' type='Data' pin_current=0.0 | conn None 'None' conn_current=0 | module None 'None'
2025-08-23 18:55:53,414 INFO    • iface 1 | pin 3 'pin111' type='Data' pin_current=0.0 | conn 5 'conn1-1' conn_current=0 | module 2 'module1'
2025-08-23 18:55:53,414 INFO 🧪 No power-like pins matched; check pin/connector naming, pin_type, or that current is on connector.
2025-08-23 18:55:53,414 INFO 🔌 Total Current: 0.00 A from 0 VCC pins
2025-08-23 18:55:53,415 INFO 🧩 Active scene interfaces detected: [1, 2]
2025-08-23 18:55:53,415 INFO 🔌 Calculating current for displayed modules: {1} (interfaces in scene: [1, 2])
2025-08-23 18:55:53,416 INFO 🧪 Diagnostic dump for active interfaces:
2025-08-23 18:55:53,416 INFO    • iface 1 | pin 1 '3' type='Data' pin_current=0.0 | conn None 'None' conn_current=0 | module None 'None'
2025-08-23 18:55:53,416 INFO    • iface 1 | pin 3 'pin111' type='Data' pin_current=0.0 | conn 5 'conn1-1' conn_current=0 | module 2 'module1'
2025-08-23 18:55:53,416 INFO 🧪 No power-like pins matched; check pin/connector naming, pin_type, or that current is on connector.
2025-08-23 18:55:53,416 INFO 🔌 Total Current: 0.00 A from 0 VCC pins
2025-08-23 18:55:53,416 INFO 🧩 Active scene interfaces detected: [1, 2]
2025-08-23 18:55:53,416 INFO 🔌 Calculating current for displayed modules: {1} (interfaces in scene: [1, 2])
2025-08-23 18:55:53,417 INFO 🧪 Diagnostic dump for active interfaces:
2025-08-23 18:55:53,417 INFO    • iface 1 | pin 1 '3' type='Data' pin_current=0.0 | conn None 'None' conn_current=0 | module None 'None'
2025-08-23 18:55:53,417 INFO    • iface 1 | pin 3 'pin111' type='Data' pin_current=0.0 | conn 5 'conn1-1' conn_current=0 | module 2 'module1'
2025-08-23 18:55:53,417 INFO 🧪 No power-like pins matched; check pin/connector naming, pin_type, or that current is on connector.
2025-08-23 18:55:53,417 INFO 🔌 Total Current: 0.00 A from 0 VCC pins
2025-08-23 18:55:53,418 INFO 🧩 Active scene interfaces detected: [1, 2]
2025-08-23 18:55:53,418 INFO 🔌 Calculating current for displayed modules: {1} (interfaces in scene: [1, 2])
2025-08-23 18:55:53,418 INFO 🧪 Diagnostic dump for active interfaces:
2025-08-23 18:55:53,418 INFO    • iface 1 | pin 1 '3' type='Data' pin_current=0.0 | conn None 'None' conn_current=0 | module None 'None'
2025-08-23 18:55:53,418 INFO    • iface 1 | pin 3 'pin111' type='Data' pin_current=0.0 | conn 5 'conn1-1' conn_current=0 | module 2 'module1'
2025-08-23 18:55:53,419 INFO 🧪 No power-like pins matched; check pin/connector naming, pin_type, or that current is on connector.
2025-08-23 18:55:53,419 INFO 🔌 Total Current: 0.00 A from 0 VCC pins
2025-08-23 18:55:53,419 INFO 🧩 Active scene interfaces detected: [1, 2]
2025-08-23 18:55:53,419 INFO 🔌 Calculating current for displayed modules: {1} (interfaces in scene: [1, 2])
2025-08-23 18:55:53,419 INFO 🧪 Diagnostic dump for active interfaces:
2025-08-23 18:55:53,419 INFO    • iface 1 | pin 1 '3' type='Data' pin_current=0.0 | conn None 'None' conn_current=0 | module None 'None'
2025-08-23 18:55:53,419 INFO    • iface 1 | pin 3 'pin111' type='Data' pin_current=0.0 | conn 5 'conn1-1' conn_current=0 | module 2 'module1'
2025-08-23 18:55:53,419 INFO 🧪 No power-like pins matched; check pin/connector naming, pin_type, or that current is on connector.
2025-08-23 18:55:53,419 INFO 🔌 Total Current: 0.00 A from 0 VCC pins
2025-08-23 18:55:53,420 INFO 🧩 Active scene interfaces detected: [1, 2]
2025-08-23 18:55:53,420 INFO 🔌 Calculating current for displayed modules: {1} (interfaces in scene: [1, 2])
2025-08-23 18:55:53,420 INFO 🧪 Diagnostic dump for active interfaces:
2025-08-23 18:55:53,420 INFO    • iface 1 | pin 1 '3' type='Data' pin_current=0.0 | conn None 'None' conn_current=0 | module None 'None'
2025-08-23 18:55:53,421 INFO    • iface 1 | pin 3 'pin111' type='Data' pin_current=0.0 | conn 5 'conn1-1' conn_current=0 | module 2 'module1'
2025-08-23 18:55:53,421 INFO 🧪 No power-like pins matched; check pin/connector naming, pin_type, or that current is on connector.
2025-08-23 18:55:53,421 INFO 🔌 Total Current: 0.00 A from 0 VCC pins
2025-08-23 18:55:53,421 INFO 🧩 Active scene interfaces detected: [1, 2]
2025-08-23 18:55:53,421 INFO 🔌 Calculating current for displayed modules: {1} (interfaces in scene: [1, 2])
2025-08-23 18:55:53,422 INFO 🧪 Diagnostic dump for active interfaces:
2025-08-23 18:55:53,422 INFO    • iface 1 | pin 1 '3' type='Data' pin_current=0.0 | conn None 'None' conn_current=0 | module None 'None'
2025-08-23 18:55:53,422 INFO    • iface 1 | pin 3 'pin111' type='Data' pin_current=0.0 | conn 5 'conn1-1' conn_current=0 | module 2 'module1'
2025-08-23 18:55:53,422 INFO 🧪 No power-like pins matched; check pin/connector naming, pin_type, or that current is on connector.
2025-08-23 18:55:53,422 INFO 🔌 Total Current: 0.00 A from 0 VCC pins
2025-08-23 18:55:53,427 INFO 🧩 Active scene interfaces detected: [1, 2, 3, 4, 5, 6, 7, 8]
2025-08-23 18:55:53,427 INFO 🔌 Calculating current for displayed modules: {1, 2, 3} (interfaces in scene: [1, 2, 3, 4, 5, 6, 7, 8])
2025-08-23 18:55:53,428 INFO 🧪 Diagnostic dump for active interfaces:
2025-08-23 18:55:53,428 INFO    • iface 1 | pin 1 '3' type='Data' pin_current=0.0 | conn None 'None' conn_current=0 | module None 'None'
2025-08-23 18:55:53,428 INFO    • iface 1 | pin 3 'pin111' type='Data' pin_current=0.0 | conn 5 'conn1-1' conn_current=0 | module 2 'module1'
2025-08-23 18:55:53,428 INFO    • iface 5 | pin None 'None' type='None' pin_current=None | conn None 'None' conn_current=0 | module None 'None'
2025-08-23 18:55:53,428 INFO    • iface 6 | pin None 'None' type='None' pin_current=None | conn None 'None' conn_current=0 | module None 'None'
2025-08-23 18:55:53,428 INFO    • iface 7 | pin None 'None' type='None' pin_current=None | conn None 'None' conn_current=0 | module None 'None'
2025-08-23 18:55:53,428 INFO    • iface 8 | pin None 'None' type='None' pin_current=None | conn None 'None' conn_current=0 | module None 'None'
2025-08-23 18:55:53,428 INFO 🧪 No power-like pins matched; check pin/connector naming, pin_type, or that current is on connector.
2025-08-23 18:55:53,428 INFO 🔌 Total Current: 0.00 A from 0 VCC pins
2025-08-23 18:55:53,433 INFO 🧩 Active scene interfaces detected: [14, 15, 16, 17, 18]
2025-08-23 18:55:53,433 INFO 🔌 Calculating current for displayed modules: {1, 2, 3} (interfaces in scene: [14, 15, 16, 17, 18])
2025-08-23 18:55:53,433 INFO 🧪 Diagnostic dump for active interfaces:
2025-08-23 18:55:53,433 INFO    • iface 14 | pin 3 'pin111' type='Data' pin_current=0.0 | conn 5 'conn1-1' conn_current=0 | module 2 'module1'
2025-08-23 18:55:53,433 INFO    • iface 14 | pin 10 'f' type='Data' pin_current=0.0 | conn 6 'dfd' conn_current=0 | module 3 'module2'
2025-08-23 18:55:53,433 INFO    • iface 15 | pin 7 'pin121' type='Data' pin_current=0.0 | conn 4 'conn1-2' conn_current=0 | module 2 'module1'
2025-08-23 18:55:53,433 INFO    • iface 15 | pin 14 'f' type='Data' pin_current=0.0 | conn 8 'ergf' conn_current=0 | module 3 'module2'
2025-08-23 18:55:53,433 INFO    • iface 16 | pin 3 'pin111' type='Data' pin_current=0.0 | conn 5 'conn1-1' conn_current=0 | module 2 'module1'
2025-08-23 18:55:53,433 INFO    • iface 16 | pin 5 '5' type='Data' pin_current=0.0 | conn 2 'f' conn_current=0 | module 1 'تدتسنیدبس'
2025-08-23 18:55:53,433 INFO    • iface 17 | pin 16 'gb' type='Data' pin_current=0.0 | conn 7 'vdfv' conn_current=0 | module 3 'module2'
2025-08-23 18:55:53,433 INFO    • iface 17 | pin 5 '5' type='Data' pin_current=0.0 | conn 2 'f' conn_current=0 | module 1 'تدتسنیدبس'
2025-08-23 18:55:53,434 INFO    • iface 18 | pin 7 'pin121' type='Data' pin_current=0.0 | conn 4 'conn1-2' conn_current=0 | module 2 'module1'
2025-08-23 18:55:53,434 INFO    • iface 18 | pin 19 'fu' type='Voltage' pin_current=0.21 | conn 6 'dfd' conn_current=0 | module 3 'module2'
2025-08-23 18:55:53,434 INFO   📌 module2 -> fu: 0.21 A
2025-08-23 18:55:53,434 INFO 🔌 Total Current: 0.21 A from 1 VCC pins
2025-08-23 18:55:53,437 INFO 🧩 Active scene interfaces detected: [1, 2, 3, 4, 5, 6, 7, 8]
2025-08-23 18:55:53,437 INFO 🔌 Calculating current for displayed modules: {1, 2, 3} (interfaces in scene: [1, 2, 3, 4, 5, 6, 7, 8])
2025-08-23 18:55:53,438 INFO 🧪 Diagnostic dump for active interfaces:
2025-08-23 18:55:53,438 INFO    • iface 1 | pin 1 '3' type='Data' pin_current=0.0 | conn None 'None' conn_current=0 | module None 'None'
2025-08-23 18:55:53,438 INFO    • iface 1 | pin 3 'pin111' type='Data' pin_current=0.0 | conn 5 'conn1-1' conn_current=0 | module 2 'module1'
2025-08-23 18:55:53,438 INFO    • iface 5 | pin None 'None' type='None' pin_current=None | conn None 'None' conn_current=0 | module None 'None'
2025-08-23 18:55:53,438 INFO    • iface 6 | pin None 'None' type='None' pin_current=None | conn None 'None' conn_current=0 | module None 'None'
2025-08-23 18:55:53,438 INFO    • iface 7 | pin None 'None' type='None' pin_current=None | conn None 'None' conn_current=0 | module None 'None'
2025-08-23 18:55:53,438 INFO    • iface 8 | pin None 'None' type='None' pin_current=None | conn None 'None' conn_current=0 | module None 'None'
2025-08-23 18:55:53,438 INFO 🧪 No power-like pins matched; check pin/connector naming, pin_type, or that current is on connector.
2025-08-23 18:55:53,438 INFO 🔌 Total Current: 0.00 A from 0 VCC pins
2025-08-23 18:55:53,442 INFO 🧩 Active scene interfaces detected: [14, 15, 16, 17, 18]
2025-08-23 18:55:53,442 INFO 🔌 Calculating current for displayed modules: {1, 2, 3} (interfaces in scene: [14, 15, 16, 17, 18])
2025-08-23 18:55:53,442 INFO 🧪 Diagnostic dump for active interfaces:
2025-08-23 18:55:53,442 INFO    • iface 14 | pin 3 'pin111' type='Data' pin_current=0.0 | conn 5 'conn1-1' conn_current=0 | module 2 'module1'
2025-08-23 18:55:53,442 INFO    • iface 14 | pin 10 'f' type='Data' pin_current=0.0 | conn 6 'dfd' conn_current=0 | module 3 'module2'
2025-08-23 18:55:53,442 INFO    • iface 15 | pin 7 'pin121' type='Data' pin_current=0.0 | conn 4 'conn1-2' conn_current=0 | module 2 'module1'
2025-08-23 18:55:53,442 INFO    • iface 15 | pin 14 'f' type='Data' pin_current=0.0 | conn 8 'ergf' conn_current=0 | module 3 'module2'
2025-08-23 18:55:53,442 INFO    • iface 16 | pin 3 'pin111' type='Data' pin_current=0.0 | conn 5 'conn1-1' conn_current=0 | module 2 'module1'
2025-08-23 18:55:53,442 INFO    • iface 16 | pin 5 '5' type='Data' pin_current=0.0 | conn 2 'f' conn_current=0 | module 1 'تدتسنیدبس'
2025-08-23 18:55:53,442 INFO    • iface 17 | pin 16 'gb' type='Data' pin_current=0.0 | conn 7 'vdfv' conn_current=0 | module 3 'module2'
2025-08-23 18:55:53,442 INFO    • iface 17 | pin 5 '5' type='Data' pin_current=0.0 | conn 2 'f' conn_current=0 | module 1 'تدتسنیدبس'
2025-08-23 18:55:53,442 INFO    • iface 18 | pin 7 'pin121' type='Data' pin_current=0.0 | conn 4 'conn1-2' conn_current=0 | module 2 'module1'
2025-08-23 18:55:53,442 INFO    • iface 18 | pin 19 'fu' type='Voltage' pin_current=0.21 | conn 6 'dfd' conn_current=0 | module 3 'module2'
2025-08-23 18:55:53,443 INFO   📌 module2 -> fu: 0.21 A
2025-08-23 18:55:53,443 INFO 🔌 Total Current: 0.21 A from 1 VCC pins
2025-08-23 18:55:53,447 INFO 🧩 Active scene interfaces detected: [1, 2, 3, 4, 5, 6, 7, 8]
2025-08-23 18:55:53,447 INFO 🔌 Calculating current for displayed modules: {1, 2, 3} (interfaces in scene: [1, 2, 3, 4, 5, 6, 7, 8])
2025-08-23 18:55:53,447 INFO 🧪 Diagnostic dump for active interfaces:
2025-08-23 18:55:53,447 INFO    • iface 1 | pin 1 '3' type='Data' pin_current=0.0 | conn None 'None' conn_current=0 | module None 'None'
2025-08-23 18:55:53,447 INFO    • iface 1 | pin 3 'pin111' type='Data' pin_current=0.0 | conn 5 'conn1-1' conn_current=0 | module 2 'module1'
2025-08-23 18:55:53,447 INFO    • iface 5 | pin None 'None' type='None' pin_current=None | conn None 'None' conn_current=0 | module None 'None'
2025-08-23 18:55:53,447 INFO    • iface 6 | pin None 'None' type='None' pin_current=None | conn None 'None' conn_current=0 | module None 'None'
2025-08-23 18:55:53,447 INFO    • iface 7 | pin None 'None' type='None' pin_current=None | conn None 'None' conn_current=0 | module None 'None'
2025-08-23 18:55:53,447 INFO    • iface 8 | pin None 'None' type='None' pin_current=None | conn None 'None' conn_current=0 | module None 'None'
2025-08-23 18:55:53,447 INFO 🧪 No power-like pins matched; check pin/connector naming, pin_type, or that current is on connector.
2025-08-23 18:55:53,447 INFO 🔌 Total Current: 0.00 A from 0 VCC pins
2025-08-23 18:55:53,450 INFO 🧩 Active scene interfaces detected: [14, 15, 16, 17, 18]
2025-08-23 18:55:53,450 INFO 🔌 Calculating current for displayed modules: {1, 2, 3} (interfaces in scene: [14, 15, 16, 17, 18])
2025-08-23 18:55:53,450 INFO 🧪 Diagnostic dump for active interfaces:
2025-08-23 18:55:53,450 INFO    • iface 14 | pin 3 'pin111' type='Data' pin_current=0.0 | conn 5 'conn1-1' conn_current=0 | module 2 'module1'
2025-08-23 18:55:53,450 INFO    • iface 14 | pin 10 'f' type='Data' pin_current=0.0 | conn 6 'dfd' conn_current=0 | module 3 'module2'
2025-08-23 18:55:53,450 INFO    • iface 15 | pin 7 'pin121' type='Data' pin_current=0.0 | conn 4 'conn1-2' conn_current=0 | module 2 'module1'
2025-08-23 18:55:53,450 INFO    • iface 15 | pin 14 'f' type='Data' pin_current=0.0 | conn 8 'ergf' conn_current=0 | module 3 'module2'
2025-08-23 18:55:53,450 INFO    • iface 16 | pin 3 'pin111' type='Data' pin_current=0.0 | conn 5 'conn1-1' conn_current=0 | module 2 'module1'
2025-08-23 18:55:53,450 INFO    • iface 16 | pin 5 '5' type='Data' pin_current=0.0 | conn 2 'f' conn_current=0 | module 1 'تدتسنیدبس'
2025-08-23 18:55:53,450 INFO    • iface 17 | pin 16 'gb' type='Data' pin_current=0.0 | conn 7 'vdfv' conn_current=0 | module 3 'module2'
2025-08-23 18:55:53,450 INFO    • iface 17 | pin 5 '5' type='Data' pin_current=0.0 | conn 2 'f' conn_current=0 | module 1 'تدتسنیدبس'
2025-08-23 18:55:53,450 INFO    • iface 18 | pin 7 'pin121' type='Data' pin_current=0.0 | conn 4 'conn1-2' conn_current=0 | module 2 'module1'
2025-08-23 18:55:53,450 INFO    • iface 18 | pin 19 'fu' type='Voltage' pin_current=0.21 | conn 6 'dfd' conn_current=0 | module 3 'module2'
2025-08-23 18:55:53,450 INFO   📌 module2 -> fu: 0.21 A
2025-08-23 18:55:53,450 INFO 🔌 Total Current: 0.21 A from 1 VCC pins
2025-08-23 18:55:53,453 INFO 🧩 Active scene interfaces detected: [1, 2, 3, 4, 5, 6, 7, 8]
2025-08-23 18:55:53,453 INFO 🔌 Calculating current for displayed modules: {1, 2, 3} (interfaces in scene: [1, 2, 3, 4, 5, 6, 7, 8])
2025-08-23 18:55:53,453 INFO 🧪 Diagnostic dump for active interfaces:
2025-08-23 18:55:53,453 INFO    • iface 1 | pin 1 '3' type='Data' pin_current=0.0 | conn None 'None' conn_current=0 | module None 'None'
2025-08-23 18:55:53,453 INFO    • iface 1 | pin 3 'pin111' type='Data' pin_current=0.0 | conn 5 'conn1-1' conn_current=0 | module 2 'module1'
2025-08-23 18:55:53,453 INFO    • iface 5 | pin None 'None' type='None' pin_current=None | conn None 'None' conn_current=0 | module None 'None'
2025-08-23 18:55:53,453 INFO    • iface 6 | pin None 'None' type='None' pin_current=None | conn None 'None' conn_current=0 | module None 'None'
2025-08-23 18:55:53,453 INFO    • iface 7 | pin None 'None' type='None' pin_current=None | conn None 'None' conn_current=0 | module None 'None'
2025-08-23 18:55:53,453 INFO    • iface 8 | pin None 'None' type='None' pin_current=None | conn None 'None' conn_current=0 | module None 'None'
2025-08-23 18:55:53,454 INFO 🧪 No power-like pins matched; check pin/connector naming, pin_type, or that current is on connector.
2025-08-23 18:55:53,454 INFO 🔌 Total Current: 0.00 A from 0 VCC pins
2025-08-23 18:55:53,456 INFO 🧩 Active scene interfaces detected: [14, 15, 16, 17, 18]
2025-08-23 18:55:53,456 INFO 🔌 Calculating current for displayed modules: {1, 2, 3} (interfaces in scene: [14, 15, 16, 17, 18])
2025-08-23 18:55:53,456 INFO 🧪 Diagnostic dump for active interfaces:
2025-08-23 18:55:53,456 INFO    • iface 14 | pin 3 'pin111' type='Data' pin_current=0.0 | conn 5 'conn1-1' conn_current=0 | module 2 'module1'
2025-08-23 18:55:53,456 INFO    • iface 14 | pin 10 'f' type='Data' pin_current=0.0 | conn 6 'dfd' conn_current=0 | module 3 'module2'
2025-08-23 18:55:53,456 INFO    • iface 15 | pin 7 'pin121' type='Data' pin_current=0.0 | conn 4 'conn1-2' conn_current=0 | module 2 'module1'
2025-08-23 18:55:53,456 INFO    • iface 15 | pin 14 'f' type='Data' pin_current=0.0 | conn 8 'ergf' conn_current=0 | module 3 'module2'
2025-08-23 18:55:53,456 INFO    • iface 16 | pin 3 'pin111' type='Data' pin_current=0.0 | conn 5 'conn1-1' conn_current=0 | module 2 'module1'
2025-08-23 18:55:53,456 INFO    • iface 16 | pin 5 '5' type='Data' pin_current=0.0 | conn 2 'f' conn_current=0 | module 1 'تدتسنیدبس'
2025-08-23 18:55:53,457 INFO    • iface 17 | pin 16 'gb' type='Data' pin_current=0.0 | conn 7 'vdfv' conn_current=0 | module 3 'module2'
2025-08-23 18:55:53,457 INFO    • iface 17 | pin 5 '5' type='Data' pin_current=0.0 | conn 2 'f' conn_current=0 | module 1 'تدتسنیدبس'
2025-08-23 18:55:53,457 INFO    • iface 18 | pin 7 'pin121' type='Data' pin_current=0.0 | conn 4 'conn1-2' conn_current=0 | module 2 'module1'
2025-08-23 18:55:53,457 INFO    • iface 18 | pin 19 'fu' type='Voltage' pin_current=0.21 | conn 6 'dfd' conn_current=0 | module 3 'module2'
2025-08-23 18:55:53,457 INFO   📌 module2 -> fu: 0.21 A
2025-08-23 18:55:53,457 INFO 🔌 Total Current: 0.21 A from 1 VCC pins
2025-08-23 18:55:53,459 INFO 🧩 Active scene interfaces detected: [1, 2, 3, 4, 5, 6, 7, 8]
2025-08-23 18:55:53,459 INFO 🔌 Calculating current for displayed modules: {1, 2, 3} (interfaces in scene: [1, 2, 3, 4, 5, 6, 7, 8])
2025-08-23 18:55:53,459 INFO 🧪 Diagnostic dump for active interfaces:
2025-08-23 18:55:53,459 INFO    • iface 1 | pin 1 '3' type='Data' pin_current=0.0 | conn None 'None' conn_current=0 | module None 'None'
2025-08-23 18:55:53,459 INFO    • iface 1 | pin 3 'pin111' type='Data' pin_current=0.0 | conn 5 'conn1-1' conn_current=0 | module 2 'module1'
2025-08-23 18:55:53,459 INFO    • iface 5 | pin None 'None' type='None' pin_current=None | conn None 'None' conn_current=0 | module None 'None'
2025-08-23 18:55:53,459 INFO    • iface 6 | pin None 'None' type='None' pin_current=None | conn None 'None' conn_current=0 | module None 'None'
2025-08-23 18:55:53,460 INFO    • iface 7 | pin None 'None' type='None' pin_current=None | conn None 'None' conn_current=0 | module None 'None'
2025-08-23 18:55:53,460 INFO    • iface 8 | pin None 'None' type='None' pin_current=None | conn None 'None' conn_current=0 | module None 'None'
2025-08-23 18:55:53,460 INFO 🧪 No power-like pins matched; check pin/connector naming, pin_type, or that current is on connector.
2025-08-23 18:55:53,460 INFO 🔌 Total Current: 0.00 A from 0 VCC pins
2025-08-23 18:55:53,462 INFO 🧩 Active scene interfaces detected: [14, 15, 16, 17, 18]
2025-08-23 18:55:53,462 INFO 🔌 Calculating current for displayed modules: {1, 2, 3} (interfaces in scene: [14, 15, 16, 17, 18])
2025-08-23 18:55:53,462 INFO 🧪 Diagnostic dump for active interfaces:
2025-08-23 18:55:53,462 INFO    • iface 14 | pin 3 'pin111' type='Data' pin_current=0.0 | conn 5 'conn1-1' conn_current=0 | module 2 'module1'
2025-08-23 18:55:53,462 INFO    • iface 14 | pin 10 'f' type='Data' pin_current=0.0 | conn 6 'dfd' conn_current=0 | module 3 'module2'
2025-08-23 18:55:53,462 INFO    • iface 15 | pin 7 'pin121' type='Data' pin_current=0.0 | conn 4 'conn1-2' conn_current=0 | module 2 'module1'
2025-08-23 18:55:53,462 INFO    • iface 15 | pin 14 'f' type='Data' pin_current=0.0 | conn 8 'ergf' conn_current=0 | module 3 'module2'
2025-08-23 18:55:53,462 INFO    • iface 16 | pin 3 'pin111' type='Data' pin_current=0.0 | conn 5 'conn1-1' conn_current=0 | module 2 'module1'
2025-08-23 18:55:53,462 INFO    • iface 16 | pin 5 '5' type='Data' pin_current=0.0 | conn 2 'f' conn_current=0 | module 1 'تدتسنیدبس'
2025-08-23 18:55:53,462 INFO    • iface 17 | pin 16 'gb' type='Data' pin_current=0.0 | conn 7 'vdfv' conn_current=0 | module 3 'module2'
2025-08-23 18:55:53,462 INFO    • iface 17 | pin 5 '5' type='Data' pin_current=0.0 | conn 2 'f' conn_current=0 | module 1 'تدتسنیدبس'
2025-08-23 18:55:53,462 INFO    • iface 18 | pin 7 'pin121' type='Data' pin_current=0.0 | conn 4 'conn1-2' conn_current=0 | module 2 'module1'
2025-08-23 18:55:53,462 INFO    • iface 18 | pin 19 'fu' type='Voltage' pin_current=0.21 | conn 6 'dfd' conn_current=0 | module 3 'module2'
2025-08-23 18:55:53,462 INFO   📌 module2 -> fu: 0.21 A
2025-08-23 18:55:53,463 INFO 🔌 Total Current: 0.21 A from 1 VCC pins
2025-08-23 18:55:53,465 INFO 🧩 Active scene interfaces detected: [1, 2, 3, 4, 5, 6, 7, 8]
2025-08-23 18:55:53,465 INFO 🔌 Calculating current for displayed modules: {1, 2, 3} (interfaces in scene: [1, 2, 3, 4, 5, 6, 7, 8])
2025-08-23 18:55:53,465 INFO 🧪 Diagnostic dump for active interfaces:
2025-08-23 18:55:53,465 INFO    • iface 1 | pin 1 '3' type='Data' pin_current=0.0 | conn None 'None' conn_current=0 | module None 'None'
2025-08-23 18:55:53,465 INFO    • iface 1 | pin 3 'pin111' type='Data' pin_current=0.0 | conn 5 'conn1-1' conn_current=0 | module 2 'module1'
2025-08-23 18:55:53,465 INFO    • iface 5 | pin None 'None' type='None' pin_current=None | conn None 'None' conn_current=0 | module None 'None'
2025-08-23 18:55:53,465 INFO    • iface 6 | pin None 'None' type='None' pin_current=None | conn None 'None' conn_current=0 | module None 'None'
2025-08-23 18:55:53,465 INFO    • iface 7 | pin None 'None' type='None' pin_current=None | conn None 'None' conn_current=0 | module None 'None'
2025-08-23 18:55:53,465 INFO    • iface 8 | pin None 'None' type='None' pin_current=None | conn None 'None' conn_current=0 | module None 'None'
2025-08-23 18:55:53,465 INFO 🧪 No power-like pins matched; check pin/connector naming, pin_type, or that current is on connector.
2025-08-23 18:55:53,465 INFO 🔌 Total Current: 0.00 A from 0 VCC pins
2025-08-23 18:55:53,467 INFO 🧩 Active scene interfaces detected: [14, 15, 16, 17, 18]
2025-08-23 18:55:53,468 INFO 🔌 Calculating current for displayed modules: {1, 2, 3} (interfaces in scene: [14, 15, 16, 17, 18])
2025-08-23 18:55:53,468 INFO 🧪 Diagnostic dump for active interfaces:
2025-08-23 18:55:53,468 INFO    • iface 14 | pin 3 'pin111' type='Data' pin_current=0.0 | conn 5 'conn1-1' conn_current=0 | module 2 'module1'
2025-08-23 18:55:53,468 INFO    • iface 14 | pin 10 'f' type='Data' pin_current=0.0 | conn 6 'dfd' conn_current=0 | module 3 'module2'
2025-08-23 18:55:53,468 INFO    • iface 15 | pin 7 'pin121' type='Data' pin_current=0.0 | conn 4 'conn1-2' conn_current=0 | module 2 'module1'
2025-08-23 18:55:53,468 INFO    • iface 15 | pin 14 'f' type='Data' pin_current=0.0 | conn 8 'ergf' conn_current=0 | module 3 'module2'
2025-08-23 18:55:53,468 INFO    • iface 16 | pin 3 'pin111' type='Data' pin_current=0.0 | conn 5 'conn1-1' conn_current=0 | module 2 'module1'
2025-08-23 18:55:53,468 INFO    • iface 16 | pin 5 '5' type='Data' pin_current=0.0 | conn 2 'f' conn_current=0 | module 1 'تدتسنیدبس'
2025-08-23 18:55:53,468 INFO    • iface 17 | pin 16 'gb' type='Data' pin_current=0.0 | conn 7 'vdfv' conn_current=0 | module 3 'module2'
2025-08-23 18:55:53,468 INFO    • iface 17 | pin 5 '5' type='Data' pin_current=0.0 | conn 2 'f' conn_current=0 | module 1 'تدتسنیدبس'
2025-08-23 18:55:53,468 INFO    • iface 18 | pin 7 'pin121' type='Data' pin_current=0.0 | conn 4 'conn1-2' conn_current=0 | module 2 'module1'
2025-08-23 18:55:53,468 INFO    • iface 18 | pin 19 'fu' type='Voltage' pin_current=0.21 | conn 6 'dfd' conn_current=0 | module 3 'module2'
2025-08-23 18:55:53,468 INFO   📌 module2 -> fu: 0.21 A
2025-08-23 18:55:53,468 INFO 🔌 Total Current: 0.21 A from 1 VCC pins
2025-08-23 18:55:53,470 INFO 🧩 Active scene interfaces detected: [1, 2, 3, 4, 5, 6, 7, 8]
2025-08-23 18:55:53,470 INFO 🔌 Calculating current for displayed modules: {1, 2, 3} (interfaces in scene: [1, 2, 3, 4, 5, 6, 7, 8])
2025-08-23 18:55:53,470 INFO 🧪 Diagnostic dump for active interfaces:
2025-08-23 18:55:53,470 INFO    • iface 1 | pin 1 '3' type='Data' pin_current=0.0 | conn None 'None' conn_current=0 | module None 'None'
2025-08-23 18:55:53,471 INFO    • iface 1 | pin 3 'pin111' type='Data' pin_current=0.0 | conn 5 'conn1-1' conn_current=0 | module 2 'module1'
2025-08-23 18:55:53,471 INFO    • iface 5 | pin None 'None' type='None' pin_current=None | conn None 'None' conn_current=0 | module None 'None'
2025-08-23 18:55:53,471 INFO    • iface 6 | pin None 'None' type='None' pin_current=None | conn None 'None' conn_current=0 | module None 'None'
2025-08-23 18:55:53,471 INFO    • iface 7 | pin None 'None' type='None' pin_current=None | conn None 'None' conn_current=0 | module None 'None'
2025-08-23 18:55:53,471 INFO    • iface 8 | pin None 'None' type='None' pin_current=None | conn None 'None' conn_current=0 | module None 'None'
2025-08-23 18:55:53,471 INFO 🧪 No power-like pins matched; check pin/connector naming, pin_type, or that current is on connector.
2025-08-23 18:55:53,471 INFO 🔌 Total Current: 0.00 A from 0 VCC pins
2025-08-23 18:55:53,473 INFO 🧩 Active scene interfaces detected: [14, 15, 16, 17, 18]
2025-08-23 18:55:53,473 INFO 🔌 Calculating current for displayed modules: {1, 2, 3} (interfaces in scene: [14, 15, 16, 17, 18])
2025-08-23 18:55:53,473 INFO 🧪 Diagnostic dump for active interfaces:
2025-08-23 18:55:53,473 INFO    • iface 14 | pin 3 'pin111' type='Data' pin_current=0.0 | conn 5 'conn1-1' conn_current=0 | module 2 'module1'
2025-08-23 18:55:53,473 INFO    • iface 14 | pin 10 'f' type='Data' pin_current=0.0 | conn 6 'dfd' conn_current=0 | module 3 'module2'
2025-08-23 18:55:53,473 INFO    • iface 15 | pin 7 'pin121' type='Data' pin_current=0.0 | conn 4 'conn1-2' conn_current=0 | module 2 'module1'
2025-08-23 18:55:53,473 INFO    • iface 15 | pin 14 'f' type='Data' pin_current=0.0 | conn 8 'ergf' conn_current=0 | module 3 'module2'
2025-08-23 18:55:53,473 INFO    • iface 16 | pin 3 'pin111' type='Data' pin_current=0.0 | conn 5 'conn1-1' conn_current=0 | module 2 'module1'
2025-08-23 18:55:53,473 INFO    • iface 16 | pin 5 '5' type='Data' pin_current=0.0 | conn 2 'f' conn_current=0 | module 1 'تدتسنیدبس'
2025-08-23 18:55:53,473 INFO    • iface 17 | pin 16 'gb' type='Data' pin_current=0.0 | conn 7 'vdfv' conn_current=0 | module 3 'module2'
2025-08-23 18:55:53,473 INFO    • iface 17 | pin 5 '5' type='Data' pin_current=0.0 | conn 2 'f' conn_current=0 | module 1 'تدتسنیدبس'
2025-08-23 18:55:53,473 INFO    • iface 18 | pin 7 'pin121' type='Data' pin_current=0.0 | conn 4 'conn1-2' conn_current=0 | module 2 'module1'
2025-08-23 18:55:53,473 INFO    • iface 18 | pin 19 'fu' type='Voltage' pin_current=0.21 | conn 6 'dfd' conn_current=0 | module 3 'module2'
2025-08-23 18:55:53,474 INFO   📌 module2 -> fu: 0.21 A
2025-08-23 18:55:53,474 INFO 🔌 Total Current: 0.21 A from 1 VCC pins
2025-08-23 18:55:53,476 INFO 🧩 Active scene interfaces detected: [1, 2, 3, 4, 5, 6, 7, 8]
2025-08-23 18:55:53,476 INFO 🔌 Calculating current for displayed modules: {1, 2, 3} (interfaces in scene: [1, 2, 3, 4, 5, 6, 7, 8])
2025-08-23 18:55:53,476 INFO 🧪 Diagnostic dump for active interfaces:
2025-08-23 18:55:53,476 INFO    • iface 1 | pin 1 '3' type='Data' pin_current=0.0 | conn None 'None' conn_current=0 | module None 'None'
2025-08-23 18:55:53,476 INFO    • iface 1 | pin 3 'pin111' type='Data' pin_current=0.0 | conn 5 'conn1-1' conn_current=0 | module 2 'module1'
2025-08-23 18:55:53,476 INFO    • iface 5 | pin None 'None' type='None' pin_current=None | conn None 'None' conn_current=0 | module None 'None'
2025-08-23 18:55:53,476 INFO    • iface 6 | pin None 'None' type='None' pin_current=None | conn None 'None' conn_current=0 | module None 'None'
2025-08-23 18:55:53,476 INFO    • iface 7 | pin None 'None' type='None' pin_current=None | conn None 'None' conn_current=0 | module None 'None'
2025-08-23 18:55:53,476 INFO    • iface 8 | pin None 'None' type='None' pin_current=None | conn None 'None' conn_current=0 | module None 'None'
2025-08-23 18:55:53,476 INFO 🧪 No power-like pins matched; check pin/connector naming, pin_type, or that current is on connector.
2025-08-23 18:55:53,478 INFO 🔌 Total Current: 0.00 A from 0 VCC pins
2025-08-23 18:55:53,484 INFO 🧩 Active scene interfaces detected: [14, 15, 16, 17, 18]
2025-08-23 18:55:53,484 INFO 🔌 Calculating current for displayed modules: {1, 2, 3} (interfaces in scene: [14, 15, 16, 17, 18])
2025-08-23 18:55:53,485 INFO 🧪 Diagnostic dump for active interfaces:
2025-08-23 18:55:53,485 INFO    • iface 14 | pin 3 'pin111' type='Data' pin_current=0.0 | conn 5 'conn1-1' conn_current=0 | module 2 'module1'
2025-08-23 18:55:53,485 INFO    • iface 14 | pin 10 'f' type='Data' pin_current=0.0 | conn 6 'dfd' conn_current=0 | module 3 'module2'
2025-08-23 18:55:53,485 INFO    • iface 15 | pin 7 'pin121' type='Data' pin_current=0.0 | conn 4 'conn1-2' conn_current=0 | module 2 'module1'
2025-08-23 18:55:53,485 INFO    • iface 15 | pin 14 'f' type='Data' pin_current=0.0 | conn 8 'ergf' conn_current=0 | module 3 'module2'
2025-08-23 18:55:53,485 INFO    • iface 16 | pin 3 'pin111' type='Data' pin_current=0.0 | conn 5 'conn1-1' conn_current=0 | module 2 'module1'
2025-08-23 18:55:53,485 INFO    • iface 16 | pin 5 '5' type='Data' pin_current=0.0 | conn 2 'f' conn_current=0 | module 1 'تدتسنیدبس'
2025-08-23 18:55:53,485 INFO    • iface 17 | pin 16 'gb' type='Data' pin_current=0.0 | conn 7 'vdfv' conn_current=0 | module 3 'module2'
2025-08-23 18:55:53,485 INFO    • iface 17 | pin 5 '5' type='Data' pin_current=0.0 | conn 2 'f' conn_current=0 | module 1 'تدتسنیدبس'
2025-08-23 18:55:53,485 INFO    • iface 18 | pin 7 'pin121' type='Data' pin_current=0.0 | conn 4 'conn1-2' conn_current=0 | module 2 'module1'
2025-08-23 18:55:53,485 INFO    • iface 18 | pin 19 'fu' type='Voltage' pin_current=0.21 | conn 6 'dfd' conn_current=0 | module 3 'module2'
2025-08-23 18:55:53,485 INFO   📌 module2 -> fu: 0.21 A
2025-08-23 18:55:53,485 INFO 🔌 Total Current: 0.21 A from 1 VCC pins
2025-08-23 18:55:53,488 INFO 🧩 Active scene interfaces detected: [1, 2, 3, 4, 5, 6, 7, 8]
2025-08-23 18:55:53,488 INFO 🔌 Calculating current for displayed modules: {1, 2, 3} (interfaces in scene: [1, 2, 3, 4, 5, 6, 7, 8])
2025-08-23 18:55:53,488 INFO 🧪 Diagnostic dump for active interfaces:
2025-08-23 18:55:53,488 INFO    • iface 1 | pin 1 '3' type='Data' pin_current=0.0 | conn None 'None' conn_current=0 | module None 'None'
2025-08-23 18:55:53,488 INFO    • iface 1 | pin 3 'pin111' type='Data' pin_current=0.0 | conn 5 'conn1-1' conn_current=0 | module 2 'module1'
2025-08-23 18:55:53,489 INFO    • iface 5 | pin None 'None' type='None' pin_current=None | conn None 'None' conn_current=0 | module None 'None'
2025-08-23 18:55:53,489 INFO    • iface 6 | pin None 'None' type='None' pin_current=None | conn None 'None' conn_current=0 | module None 'None'
2025-08-23 18:55:53,489 INFO    • iface 7 | pin None 'None' type='None' pin_current=None | conn None 'None' conn_current=0 | module None 'None'
2025-08-23 18:55:53,489 INFO    • iface 8 | pin None 'None' type='None' pin_current=None | conn None 'None' conn_current=0 | module None 'None'
2025-08-23 18:55:53,489 INFO 🧪 No power-like pins matched; check pin/connector naming, pin_type, or that current is on connector.
2025-08-23 18:55:53,492 INFO 🔌 Total Current: 0.00 A from 0 VCC pins
2025-08-23 18:55:53,495 INFO 🧩 Active scene interfaces detected: [14, 15, 16, 17, 18]
2025-08-23 18:55:53,495 INFO 🔌 Calculating current for displayed modules: {1, 2, 3} (interfaces in scene: [14, 15, 16, 17, 18])
2025-08-23 18:55:53,495 INFO 🧪 Diagnostic dump for active interfaces:
2025-08-23 18:55:53,495 INFO    • iface 14 | pin 3 'pin111' type='Data' pin_current=0.0 | conn 5 'conn1-1' conn_current=0 | module 2 'module1'
2025-08-23 18:55:53,495 INFO    • iface 14 | pin 10 'f' type='Data' pin_current=0.0 | conn 6 'dfd' conn_current=0 | module 3 'module2'
2025-08-23 18:55:53,495 INFO    • iface 15 | pin 7 'pin121' type='Data' pin_current=0.0 | conn 4 'conn1-2' conn_current=0 | module 2 'module1'
2025-08-23 18:55:53,495 INFO    • iface 15 | pin 14 'f' type='Data' pin_current=0.0 | conn 8 'ergf' conn_current=0 | module 3 'module2'
2025-08-23 18:55:53,495 INFO    • iface 16 | pin 3 'pin111' type='Data' pin_current=0.0 | conn 5 'conn1-1' conn_current=0 | module 2 'module1'
2025-08-23 18:55:53,495 INFO    • iface 16 | pin 5 '5' type='Data' pin_current=0.0 | conn 2 'f' conn_current=0 | module 1 'تدتسنیدبس'
2025-08-23 18:55:53,496 INFO    • iface 17 | pin 16 'gb' type='Data' pin_current=0.0 | conn 7 'vdfv' conn_current=0 | module 3 'module2'
2025-08-23 18:55:53,496 INFO    • iface 17 | pin 5 '5' type='Data' pin_current=0.0 | conn 2 'f' conn_current=0 | module 1 'تدتسنیدبس'
2025-08-23 18:55:53,496 INFO    • iface 18 | pin 7 'pin121' type='Data' pin_current=0.0 | conn 4 'conn1-2' conn_current=0 | module 2 'module1'
2025-08-23 18:55:53,496 INFO    • iface 18 | pin 19 'fu' type='Voltage' pin_current=0.21 | conn 6 'dfd' conn_current=0 | module 3 'module2'
2025-08-23 18:55:53,497 INFO   📌 module2 -> fu: 0.21 A
2025-08-23 18:55:53,497 INFO 🔌 Total Current: 0.21 A from 1 VCC pins
2025-08-23 18:55:53,501 INFO 🧩 Active scene interfaces detected: [1, 2, 3, 4, 5, 6, 7, 8]
2025-08-23 18:55:53,501 INFO 🔌 Calculating current for displayed modules: {1, 2, 3} (interfaces in scene: [1, 2, 3, 4, 5, 6, 7, 8])
2025-08-23 18:55:53,501 INFO 🧪 Diagnostic dump for active interfaces:
2025-08-23 18:55:53,502 INFO    • iface 1 | pin 1 '3' type='Data' pin_current=0.0 | conn None 'None' conn_current=0 | module None 'None'
2025-08-23 18:55:53,502 INFO    • iface 1 | pin 3 'pin111' type='Data' pin_current=0.0 | conn 5 'conn1-1' conn_current=0 | module 2 'module1'
2025-08-23 18:55:53,502 INFO    • iface 5 | pin None 'None' type='None' pin_current=None | conn None 'None' conn_current=0 | module None 'None'
2025-08-23 18:55:53,502 INFO    • iface 6 | pin None 'None' type='None' pin_current=None | conn None 'None' conn_current=0 | module None 'None'
2025-08-23 18:55:53,502 INFO    • iface 7 | pin None 'None' type='None' pin_current=None | conn None 'None' conn_current=0 | module None 'None'
2025-08-23 18:55:53,502 INFO    • iface 8 | pin None 'None' type='None' pin_current=None | conn None 'None' conn_current=0 | module None 'None'
2025-08-23 18:55:53,502 INFO 🧪 No power-like pins matched; check pin/connector naming, pin_type, or that current is on connector.
2025-08-23 18:55:53,502 INFO 🔌 Total Current: 0.00 A from 0 VCC pins
2025-08-23 18:55:53,504 INFO 🧩 Active scene interfaces detected: [14, 15, 16, 17, 18]
2025-08-23 18:55:53,504 INFO 🔌 Calculating current for displayed modules: {1, 2, 3} (interfaces in scene: [14, 15, 16, 17, 18])
2025-08-23 18:55:53,505 INFO 🧪 Diagnostic dump for active interfaces:
2025-08-23 18:55:53,505 INFO    • iface 14 | pin 3 'pin111' type='Data' pin_current=0.0 | conn 5 'conn1-1' conn_current=0 | module 2 'module1'
2025-08-23 18:55:53,505 INFO    • iface 14 | pin 10 'f' type='Data' pin_current=0.0 | conn 6 'dfd' conn_current=0 | module 3 'module2'
2025-08-23 18:55:53,505 INFO    • iface 15 | pin 7 'pin121' type='Data' pin_current=0.0 | conn 4 'conn1-2' conn_current=0 | module 2 'module1'
2025-08-23 18:55:53,505 INFO    • iface 15 | pin 14 'f' type='Data' pin_current=0.0 | conn 8 'ergf' conn_current=0 | module 3 'module2'
2025-08-23 18:55:53,505 INFO    • iface 16 | pin 3 'pin111' type='Data' pin_current=0.0 | conn 5 'conn1-1' conn_current=0 | module 2 'module1'
2025-08-23 18:55:53,505 INFO    • iface 16 | pin 5 '5' type='Data' pin_current=0.0 | conn 2 'f' conn_current=0 | module 1 'تدتسنیدبس'
2025-08-23 18:55:53,505 INFO    • iface 17 | pin 16 'gb' type='Data' pin_current=0.0 | conn 7 'vdfv' conn_current=0 | module 3 'module2'
2025-08-23 18:55:53,511 INFO    • iface 17 | pin 5 '5' type='Data' pin_current=0.0 | conn 2 'f' conn_current=0 | module 1 'تدتسنیدبس'
2025-08-23 18:55:53,511 INFO    • iface 18 | pin 7 'pin121' type='Data' pin_current=0.0 | conn 4 'conn1-2' conn_current=0 | module 2 'module1'
2025-08-23 18:55:53,511 INFO    • iface 18 | pin 19 'fu' type='Voltage' pin_current=0.21 | conn 6 'dfd' conn_current=0 | module 3 'module2'
2025-08-23 18:55:53,512 INFO   📌 module2 -> fu: 0.21 A
2025-08-23 18:55:53,512 INFO 🔌 Total Current: 0.21 A from 1 VCC pins
2025-08-23 18:55:53,514 INFO 🧩 Active scene interfaces detected: [1, 2, 3, 4, 5, 6, 7, 8]
2025-08-23 18:55:53,514 INFO 🔌 Calculating current for displayed modules: {1, 2, 3} (interfaces in scene: [1, 2, 3, 4, 5, 6, 7, 8])
2025-08-23 18:55:53,515 INFO 🧪 Diagnostic dump for active interfaces:
2025-08-23 18:55:53,515 INFO    • iface 1 | pin 1 '3' type='Data' pin_current=0.0 | conn None 'None' conn_current=0 | module None 'None'
2025-08-23 18:55:53,515 INFO    • iface 1 | pin 3 'pin111' type='Data' pin_current=0.0 | conn 5 'conn1-1' conn_current=0 | module 2 'module1'
2025-08-23 18:55:53,515 INFO    • iface 5 | pin None 'None' type='None' pin_current=None | conn None 'None' conn_current=0 | module None 'None'
2025-08-23 18:55:53,515 INFO    • iface 6 | pin None 'None' type='None' pin_current=None | conn None 'None' conn_current=0 | module None 'None'
2025-08-23 18:55:53,515 INFO    • iface 7 | pin None 'None' type='None' pin_current=None | conn None 'None' conn_current=0 | module None 'None'
2025-08-23 18:55:53,515 INFO    • iface 8 | pin None 'None' type='None' pin_current=None | conn None 'None' conn_current=0 | module None 'None'
2025-08-23 18:55:53,515 INFO 🧪 No power-like pins matched; check pin/connector naming, pin_type, or that current is on connector.
2025-08-23 18:55:53,515 INFO 🔌 Total Current: 0.00 A from 0 VCC pins
2025-08-23 18:55:53,517 INFO 🧩 Active scene interfaces detected: [14, 15, 16, 17, 18]
2025-08-23 18:55:53,517 INFO 🔌 Calculating current for displayed modules: {1, 2, 3} (interfaces in scene: [14, 15, 16, 17, 18])
2025-08-23 18:55:53,518 INFO 🧪 Diagnostic dump for active interfaces:
2025-08-23 18:55:53,518 INFO    • iface 14 | pin 3 'pin111' type='Data' pin_current=0.0 | conn 5 'conn1-1' conn_current=0 | module 2 'module1'
2025-08-23 18:55:53,518 INFO    • iface 14 | pin 10 'f' type='Data' pin_current=0.0 | conn 6 'dfd' conn_current=0 | module 3 'module2'
2025-08-23 18:55:53,522 INFO    • iface 15 | pin 7 'pin121' type='Data' pin_current=0.0 | conn 4 'conn1-2' conn_current=0 | module 2 'module1'
2025-08-23 18:55:53,523 INFO    • iface 15 | pin 14 'f' type='Data' pin_current=0.0 | conn 8 'ergf' conn_current=0 | module 3 'module2'
2025-08-23 18:55:53,523 INFO    • iface 16 | pin 3 'pin111' type='Data' pin_current=0.0 | conn 5 'conn1-1' conn_current=0 | module 2 'module1'
2025-08-23 18:55:53,523 INFO    • iface 16 | pin 5 '5' type='Data' pin_current=0.0 | conn 2 'f' conn_current=0 | module 1 'تدتسنیدبس'
2025-08-23 18:55:53,523 INFO    • iface 17 | pin 16 'gb' type='Data' pin_current=0.0 | conn 7 'vdfv' conn_current=0 | module 3 'module2'
2025-08-23 18:55:53,523 INFO    • iface 17 | pin 5 '5' type='Data' pin_current=0.0 | conn 2 'f' conn_current=0 | module 1 'تدتسنیدبس'
2025-08-23 18:55:53,523 INFO    • iface 18 | pin 7 'pin121' type='Data' pin_current=0.0 | conn 4 'conn1-2' conn_current=0 | module 2 'module1'
2025-08-23 18:55:53,523 INFO    • iface 18 | pin 19 'fu' type='Voltage' pin_current=0.21 | conn 6 'dfd' conn_current=0 | module 3 'module2'
2025-08-23 18:55:53,523 INFO   📌 module2 -> fu: 0.21 A
2025-08-23 18:55:53,523 INFO 🔌 Total Current: 0.21 A from 1 VCC pins
2025-08-23 18:55:53,533 INFO 🧩 Active scene interfaces detected: [1, 2, 3, 4, 5, 6, 7, 8]
2025-08-23 18:55:53,533 INFO 🔌 Calculating current for displayed modules: {1, 2, 3} (interfaces in scene: [1, 2, 3, 4, 5, 6, 7, 8])
2025-08-23 18:55:53,533 INFO 🧪 Diagnostic dump for active interfaces:
2025-08-23 18:55:53,533 INFO    • iface 1 | pin 1 '3' type='Data' pin_current=0.0 | conn None 'None' conn_current=0 | module None 'None'
2025-08-23 18:55:53,533 INFO    • iface 1 | pin 3 'pin111' type='Data' pin_current=0.0 | conn 5 'conn1-1' conn_current=0 | module 2 'module1'
2025-08-23 18:55:53,533 INFO    • iface 5 | pin None 'None' type='None' pin_current=None | conn None 'None' conn_current=0 | module None 'None'
2025-08-23 18:55:53,533 INFO    • iface 6 | pin None 'None' type='None' pin_current=None | conn None 'None' conn_current=0 | module None 'None'
2025-08-23 18:55:53,533 INFO    • iface 7 | pin None 'None' type='None' pin_current=None | conn None 'None' conn_current=0 | module None 'None'
2025-08-23 18:55:53,533 INFO    • iface 8 | pin None 'None' type='None' pin_current=None | conn None 'None' conn_current=0 | module None 'None'
2025-08-23 18:55:53,535 INFO 🧪 No power-like pins matched; check pin/connector naming, pin_type, or that current is on connector.
2025-08-23 18:55:53,536 INFO 🔌 Total Current: 0.00 A from 0 VCC pins
2025-08-23 18:55:53,538 INFO 🧩 Active scene interfaces detected: [14, 15, 16, 17, 18]
2025-08-23 18:55:53,538 INFO 🔌 Calculating current for displayed modules: {1, 2, 3} (interfaces in scene: [14, 15, 16, 17, 18])
2025-08-23 18:55:53,538 INFO 🧪 Diagnostic dump for active interfaces:
2025-08-23 18:55:53,539 INFO    • iface 14 | pin 3 'pin111' type='Data' pin_current=0.0 | conn 5 'conn1-1' conn_current=0 | module 2 'module1'
2025-08-23 18:55:53,539 INFO    • iface 14 | pin 10 'f' type='Data' pin_current=0.0 | conn 6 'dfd' conn_current=0 | module 3 'module2'
2025-08-23 18:55:53,539 INFO    • iface 15 | pin 7 'pin121' type='Data' pin_current=0.0 | conn 4 'conn1-2' conn_current=0 | module 2 'module1'
2025-08-23 18:55:53,539 INFO    • iface 15 | pin 14 'f' type='Data' pin_current=0.0 | conn 8 'ergf' conn_current=0 | module 3 'module2'
2025-08-23 18:55:53,539 INFO    • iface 16 | pin 3 'pin111' type='Data' pin_current=0.0 | conn 5 'conn1-1' conn_current=0 | module 2 'module1'
2025-08-23 18:55:53,539 INFO    • iface 16 | pin 5 '5' type='Data' pin_current=0.0 | conn 2 'f' conn_current=0 | module 1 'تدتسنیدبس'
2025-08-23 18:55:53,539 INFO    • iface 17 | pin 16 'gb' type='Data' pin_current=0.0 | conn 7 'vdfv' conn_current=0 | module 3 'module2'
2025-08-23 18:55:53,539 INFO    • iface 17 | pin 5 '5' type='Data' pin_current=0.0 | conn 2 'f' conn_current=0 | module 1 'تدتسنیدبس'
2025-08-23 18:55:53,539 INFO    • iface 18 | pin 7 'pin121' type='Data' pin_current=0.0 | conn 4 'conn1-2' conn_current=0 | module 2 'module1'
2025-08-23 18:55:53,539 INFO    • iface 18 | pin 19 'fu' type='Voltage' pin_current=0.21 | conn 6 'dfd' conn_current=0 | module 3 'module2'
2025-08-23 18:55:53,539 INFO   📌 module2 -> fu: 0.21 A
2025-08-23 18:55:53,539 INFO 🔌 Total Current: 0.21 A from 1 VCC pins
2025-08-23 18:55:53,542 INFO 🧩 Active scene interfaces detected: [1, 2, 3, 4, 5, 6, 7, 8]
2025-08-23 18:55:53,542 INFO 🔌 Calculating current for displayed modules: {1, 2, 3} (interfaces in scene: [1, 2, 3, 4, 5, 6, 7, 8])
2025-08-23 18:55:53,542 INFO 🧪 Diagnostic dump for active interfaces:
2025-08-23 18:55:53,542 INFO    • iface 1 | pin 1 '3' type='Data' pin_current=0.0 | conn None 'None' conn_current=0 | module None 'None'
2025-08-23 18:55:53,542 INFO    • iface 1 | pin 3 'pin111' type='Data' pin_current=0.0 | conn 5 'conn1-1' conn_current=0 | module 2 'module1'
2025-08-23 18:55:53,542 INFO    • iface 5 | pin None 'None' type='None' pin_current=None | conn None 'None' conn_current=0 | module None 'None'
2025-08-23 18:55:53,542 INFO    • iface 6 | pin None 'None' type='None' pin_current=None | conn None 'None' conn_current=0 | module None 'None'
2025-08-23 18:55:53,542 INFO    • iface 7 | pin None 'None' type='None' pin_current=None | conn None 'None' conn_current=0 | module None 'None'
2025-08-23 18:55:53,542 INFO    • iface 8 | pin None 'None' type='None' pin_current=None | conn None 'None' conn_current=0 | module None 'None'
2025-08-23 18:55:53,542 INFO 🧪 No power-like pins matched; check pin/connector naming, pin_type, or that current is on connector.
2025-08-23 18:55:53,542 INFO 🔌 Total Current: 0.00 A from 0 VCC pins
2025-08-23 18:55:53,545 INFO 🧩 Active scene interfaces detected: [14, 15, 16, 17, 18]
2025-08-23 18:55:53,545 INFO 🔌 Calculating current for displayed modules: {1, 2, 3} (interfaces in scene: [14, 15, 16, 17, 18])
2025-08-23 18:55:53,545 INFO 🧪 Diagnostic dump for active interfaces:
2025-08-23 18:55:53,545 INFO    • iface 14 | pin 3 'pin111' type='Data' pin_current=0.0 | conn 5 'conn1-1' conn_current=0 | module 2 'module1'
2025-08-23 18:55:53,545 INFO    • iface 14 | pin 10 'f' type='Data' pin_current=0.0 | conn 6 'dfd' conn_current=0 | module 3 'module2'
2025-08-23 18:55:53,545 INFO    • iface 15 | pin 7 'pin121' type='Data' pin_current=0.0 | conn 4 'conn1-2' conn_current=0 | module 2 'module1'
2025-08-23 18:55:53,545 INFO    • iface 15 | pin 14 'f' type='Data' pin_current=0.0 | conn 8 'ergf' conn_current=0 | module 3 'module2'
2025-08-23 18:55:53,545 INFO    • iface 16 | pin 3 'pin111' type='Data' pin_current=0.0 | conn 5 'conn1-1' conn_current=0 | module 2 'module1'
2025-08-23 18:55:53,545 INFO    • iface 16 | pin 5 '5' type='Data' pin_current=0.0 | conn 2 'f' conn_current=0 | module 1 'تدتسنیدبس'
2025-08-23 18:55:53,545 INFO    • iface 17 | pin 16 'gb' type='Data' pin_current=0.0 | conn 7 'vdfv' conn_current=0 | module 3 'module2'
2025-08-23 18:55:53,545 INFO    • iface 17 | pin 5 '5' type='Data' pin_current=0.0 | conn 2 'f' conn_current=0 | module 1 'تدتسنیدبس'
2025-08-23 18:55:53,545 INFO    • iface 18 | pin 7 'pin121' type='Data' pin_current=0.0 | conn 4 'conn1-2' conn_current=0 | module 2 'module1'
2025-08-23 18:55:53,545 INFO    • iface 18 | pin 19 'fu' type='Voltage' pin_current=0.21 | conn 6 'dfd' conn_current=0 | module 3 'module2'
2025-08-23 18:55:53,545 INFO   📌 module2 -> fu: 0.21 A
2025-08-23 18:55:53,545 INFO 🔌 Total Current: 0.21 A from 1 VCC pins
2025-08-23 18:55:53,548 INFO 🧩 Active scene interfaces detected: [1, 2, 3, 4, 5, 6, 7, 8]
2025-08-23 18:55:53,548 INFO 🔌 Calculating current for displayed modules: {1, 2, 3} (interfaces in scene: [1, 2, 3, 4, 5, 6, 7, 8])
2025-08-23 18:55:53,548 INFO 🧪 Diagnostic dump for active interfaces:
2025-08-23 18:55:53,548 INFO    • iface 1 | pin 1 '3' type='Data' pin_current=0.0 | conn None 'None' conn_current=0 | module None 'None'
2025-08-23 18:55:53,548 INFO    • iface 1 | pin 3 'pin111' type='Data' pin_current=0.0 | conn 5 'conn1-1' conn_current=0 | module 2 'module1'
2025-08-23 18:55:53,548 INFO    • iface 5 | pin None 'None' type='None' pin_current=None | conn None 'None' conn_current=0 | module None 'None'
2025-08-23 18:55:53,548 INFO    • iface 6 | pin None 'None' type='None' pin_current=None | conn None 'None' conn_current=0 | module None 'None'
2025-08-23 18:55:53,548 INFO    • iface 7 | pin None 'None' type='None' pin_current=None | conn None 'None' conn_current=0 | module None 'None'
2025-08-23 18:55:53,549 INFO    • iface 8 | pin None 'None' type='None' pin_current=None | conn None 'None' conn_current=0 | module None 'None'
2025-08-23 18:55:53,549 INFO 🧪 No power-like pins matched; check pin/connector naming, pin_type, or that current is on connector.
2025-08-23 18:55:53,549 INFO 🔌 Total Current: 0.00 A from 0 VCC pins
2025-08-23 18:55:53,552 INFO 🧩 Active scene interfaces detected: [14, 15, 16, 17, 18]
2025-08-23 18:55:53,552 INFO 🔌 Calculating current for displayed modules: {1, 2, 3} (interfaces in scene: [14, 15, 16, 17, 18])
2025-08-23 18:55:53,553 INFO 🧪 Diagnostic dump for active interfaces:
2025-08-23 18:55:53,553 INFO    • iface 14 | pin 3 'pin111' type='Data' pin_current=0.0 | conn 5 'conn1-1' conn_current=0 | module 2 'module1'
2025-08-23 18:55:53,553 INFO    • iface 14 | pin 10 'f' type='Data' pin_current=0.0 | conn 6 'dfd' conn_current=0 | module 3 'module2'
2025-08-23 18:55:53,553 INFO    • iface 15 | pin 7 'pin121' type='Data' pin_current=0.0 | conn 4 'conn1-2' conn_current=0 | module 2 'module1'
2025-08-23 18:55:53,553 INFO    • iface 15 | pin 14 'f' type='Data' pin_current=0.0 | conn 8 'ergf' conn_current=0 | module 3 'module2'
2025-08-23 18:55:53,553 INFO    • iface 16 | pin 3 'pin111' type='Data' pin_current=0.0 | conn 5 'conn1-1' conn_current=0 | module 2 'module1'
2025-08-23 18:55:53,553 INFO    • iface 16 | pin 5 '5' type='Data' pin_current=0.0 | conn 2 'f' conn_current=0 | module 1 'تدتسنیدبس'
2025-08-23 18:55:53,553 INFO    • iface 17 | pin 16 'gb' type='Data' pin_current=0.0 | conn 7 'vdfv' conn_current=0 | module 3 'module2'
2025-08-23 18:55:53,553 INFO    • iface 17 | pin 5 '5' type='Data' pin_current=0.0 | conn 2 'f' conn_current=0 | module 1 'تدتسنیدبس'
2025-08-23 18:55:53,553 INFO    • iface 18 | pin 7 'pin121' type='Data' pin_current=0.0 | conn 4 'conn1-2' conn_current=0 | module 2 'module1'
2025-08-23 18:55:53,553 INFO    • iface 18 | pin 19 'fu' type='Voltage' pin_current=0.21 | conn 6 'dfd' conn_current=0 | module 3 'module2'
2025-08-23 18:55:53,553 INFO   📌 module2 -> fu: 0.21 A
2025-08-23 18:55:53,553 INFO 🔌 Total Current: 0.21 A from 1 VCC pins
2025-08-23 18:55:53,556 INFO 🧩 Active scene interfaces detected: [1, 2, 3, 4, 5, 6, 7, 8]
2025-08-23 18:55:53,556 INFO 🔌 Calculating current for displayed modules: {1, 2, 3} (interfaces in scene: [1, 2, 3, 4, 5, 6, 7, 8])
2025-08-23 18:55:53,556 INFO 🧪 Diagnostic dump for active interfaces:
2025-08-23 18:55:53,556 INFO    • iface 1 | pin 1 '3' type='Data' pin_current=0.0 | conn None 'None' conn_current=0 | module None 'None'
2025-08-23 18:55:53,556 INFO    • iface 1 | pin 3 'pin111' type='Data' pin_current=0.0 | conn 5 'conn1-1' conn_current=0 | module 2 'module1'
2025-08-23 18:55:53,556 INFO    • iface 5 | pin None 'None' type='None' pin_current=None | conn None 'None' conn_current=0 | module None 'None'
2025-08-23 18:55:53,556 INFO    • iface 6 | pin None 'None' type='None' pin_current=None | conn None 'None' conn_current=0 | module None 'None'
2025-08-23 18:55:53,556 INFO    • iface 7 | pin None 'None' type='None' pin_current=None | conn None 'None' conn_current=0 | module None 'None'
2025-08-23 18:55:53,556 INFO    • iface 8 | pin None 'None' type='None' pin_current=None | conn None 'None' conn_current=0 | module None 'None'
2025-08-23 18:55:53,556 INFO 🧪 No power-like pins matched; check pin/connector naming, pin_type, or that current is on connector.
2025-08-23 18:55:53,557 INFO 🔌 Total Current: 0.00 A from 0 VCC pins
2025-08-23 18:55:53,559 INFO 🧩 Active scene interfaces detected: [14, 15, 16, 17, 18]
2025-08-23 18:55:53,559 INFO 🔌 Calculating current for displayed modules: {1, 2, 3} (interfaces in scene: [14, 15, 16, 17, 18])
2025-08-23 18:55:53,560 INFO 🧪 Diagnostic dump for active interfaces:
2025-08-23 18:55:53,560 INFO    • iface 14 | pin 3 'pin111' type='Data' pin_current=0.0 | conn 5 'conn1-1' conn_current=0 | module 2 'module1'
2025-08-23 18:55:53,560 INFO    • iface 14 | pin 10 'f' type='Data' pin_current=0.0 | conn 6 'dfd' conn_current=0 | module 3 'module2'
2025-08-23 18:55:53,560 INFO    • iface 15 | pin 7 'pin121' type='Data' pin_current=0.0 | conn 4 'conn1-2' conn_current=0 | module 2 'module1'
2025-08-23 18:55:53,560 INFO    • iface 15 | pin 14 'f' type='Data' pin_current=0.0 | conn 8 'ergf' conn_current=0 | module 3 'module2'
2025-08-23 18:55:53,560 INFO    • iface 16 | pin 3 'pin111' type='Data' pin_current=0.0 | conn 5 'conn1-1' conn_current=0 | module 2 'module1'
2025-08-23 18:55:53,560 INFO    • iface 16 | pin 5 '5' type='Data' pin_current=0.0 | conn 2 'f' conn_current=0 | module 1 'تدتسنیدبس'
2025-08-23 18:55:53,560 INFO    • iface 17 | pin 16 'gb' type='Data' pin_current=0.0 | conn 7 'vdfv' conn_current=0 | module 3 'module2'
2025-08-23 18:55:53,560 INFO    • iface 17 | pin 5 '5' type='Data' pin_current=0.0 | conn 2 'f' conn_current=0 | module 1 'تدتسنیدبس'
2025-08-23 18:55:53,560 INFO    • iface 18 | pin 7 'pin121' type='Data' pin_current=0.0 | conn 4 'conn1-2' conn_current=0 | module 2 'module1'
2025-08-23 18:55:53,560 INFO    • iface 18 | pin 19 'fu' type='Voltage' pin_current=0.21 | conn 6 'dfd' conn_current=0 | module 3 'module2'
2025-08-23 18:55:53,560 INFO   📌 module2 -> fu: 0.21 A
2025-08-23 18:55:53,560 INFO 🔌 Total Current: 0.21 A from 1 VCC pins
2025-08-23 18:55:53,563 INFO 🧩 Active scene interfaces detected: [1, 2, 3, 4, 5, 6, 7, 8]
2025-08-23 18:55:53,563 INFO 🔌 Calculating current for displayed modules: {1, 2, 3} (interfaces in scene: [1, 2, 3, 4, 5, 6, 7, 8])
2025-08-23 18:55:53,563 INFO 🧪 Diagnostic dump for active interfaces:
2025-08-23 18:55:53,563 INFO    • iface 1 | pin 1 '3' type='Data' pin_current=0.0 | conn None 'None' conn_current=0 | module None 'None'
2025-08-23 18:55:53,563 INFO    • iface 1 | pin 3 'pin111' type='Data' pin_current=0.0 | conn 5 'conn1-1' conn_current=0 | module 2 'module1'
2025-08-23 18:55:53,563 INFO    • iface 5 | pin None 'None' type='None' pin_current=None | conn None 'None' conn_current=0 | module None 'None'
2025-08-23 18:55:53,563 INFO    • iface 6 | pin None 'None' type='None' pin_current=None | conn None 'None' conn_current=0 | module None 'None'
2025-08-23 18:55:53,563 INFO    • iface 7 | pin None 'None' type='None' pin_current=None | conn None 'None' conn_current=0 | module None 'None'
2025-08-23 18:55:53,563 INFO    • iface 8 | pin None 'None' type='None' pin_current=None | conn None 'None' conn_current=0 | module None 'None'
2025-08-23 18:55:53,563 INFO 🧪 No power-like pins matched; check pin/connector naming, pin_type, or that current is on connector.
2025-08-23 18:55:53,564 INFO 🔌 Total Current: 0.00 A from 0 VCC pins
2025-08-23 18:55:53,567 INFO 🧩 Active scene interfaces detected: [14, 15, 16, 17, 18]
2025-08-23 18:55:53,567 INFO 🔌 Calculating current for displayed modules: {1, 2, 3} (interfaces in scene: [14, 15, 16, 17, 18])
2025-08-23 18:55:53,567 INFO 🧪 Diagnostic dump for active interfaces:
2025-08-23 18:55:53,567 INFO    • iface 14 | pin 3 'pin111' type='Data' pin_current=0.0 | conn 5 'conn1-1' conn_current=0 | module 2 'module1'
2025-08-23 18:55:53,567 INFO    • iface 14 | pin 10 'f' type='Data' pin_current=0.0 | conn 6 'dfd' conn_current=0 | module 3 'module2'
2025-08-23 18:55:53,567 INFO    • iface 15 | pin 7 'pin121' type='Data' pin_current=0.0 | conn 4 'conn1-2' conn_current=0 | module 2 'module1'
2025-08-23 18:55:53,567 INFO    • iface 15 | pin 14 'f' type='Data' pin_current=0.0 | conn 8 'ergf' conn_current=0 | module 3 'module2'
2025-08-23 18:55:53,567 INFO    • iface 16 | pin 3 'pin111' type='Data' pin_current=0.0 | conn 5 'conn1-1' conn_current=0 | module 2 'module1'
2025-08-23 18:55:53,567 INFO    • iface 16 | pin 5 '5' type='Data' pin_current=0.0 | conn 2 'f' conn_current=0 | module 1 'تدتسنیدبس'
2025-08-23 18:55:53,567 INFO    • iface 17 | pin 16 'gb' type='Data' pin_current=0.0 | conn 7 'vdfv' conn_current=0 | module 3 'module2'
2025-08-23 18:55:53,567 INFO    • iface 17 | pin 5 '5' type='Data' pin_current=0.0 | conn 2 'f' conn_current=0 | module 1 'تدتسنیدبس'
2025-08-23 18:55:53,567 INFO    • iface 18 | pin 7 'pin121' type='Data' pin_current=0.0 | conn 4 'conn1-2' conn_current=0 | module 2 'module1'
2025-08-23 18:55:53,567 INFO    • iface 18 | pin 19 'fu' type='Voltage' pin_current=0.21 | conn 6 'dfd' conn_current=0 | module 3 'module2'
2025-08-23 18:55:53,567 INFO   📌 module2 -> fu: 0.21 A
2025-08-23 18:55:53,567 INFO 🔌 Total Current: 0.21 A from 1 VCC pins
2025-08-23 18:55:53,570 INFO 🧩 Active scene interfaces detected: [1, 2, 3, 4, 5, 6, 7, 8]
2025-08-23 18:55:53,570 INFO 🔌 Calculating current for displayed modules: {1, 2, 3} (interfaces in scene: [1, 2, 3, 4, 5, 6, 7, 8])
2025-08-23 18:55:53,570 INFO 🧪 Diagnostic dump for active interfaces:
2025-08-23 18:55:53,570 INFO    • iface 1 | pin 1 '3' type='Data' pin_current=0.0 | conn None 'None' conn_current=0 | module None 'None'
2025-08-23 18:55:53,570 INFO    • iface 1 | pin 3 'pin111' type='Data' pin_current=0.0 | conn 5 'conn1-1' conn_current=0 | module 2 'module1'
2025-08-23 18:55:53,570 INFO    • iface 5 | pin None 'None' type='None' pin_current=None | conn None 'None' conn_current=0 | module None 'None'
2025-08-23 18:55:53,570 INFO    • iface 6 | pin None 'None' type='None' pin_current=None | conn None 'None' conn_current=0 | module None 'None'
2025-08-23 18:55:53,570 INFO    • iface 7 | pin None 'None' type='None' pin_current=None | conn None 'None' conn_current=0 | module None 'None'
2025-08-23 18:55:53,570 INFO    • iface 8 | pin None 'None' type='None' pin_current=None | conn None 'None' conn_current=0 | module None 'None'
2025-08-23 18:55:53,571 INFO 🧪 No power-like pins matched; check pin/connector naming, pin_type, or that current is on connector.
2025-08-23 18:55:53,571 INFO 🔌 Total Current: 0.00 A from 0 VCC pins
2025-08-23 18:55:53,573 INFO 🧩 Active scene interfaces detected: [14, 15, 16, 17, 18]
2025-08-23 18:55:53,573 INFO 🔌 Calculating current for displayed modules: {1, 2, 3} (interfaces in scene: [14, 15, 16, 17, 18])
2025-08-23 18:55:53,573 INFO 🧪 Diagnostic dump for active interfaces:
2025-08-23 18:55:53,573 INFO    • iface 14 | pin 3 'pin111' type='Data' pin_current=0.0 | conn 5 'conn1-1' conn_current=0 | module 2 'module1'
2025-08-23 18:55:53,573 INFO    • iface 14 | pin 10 'f' type='Data' pin_current=0.0 | conn 6 'dfd' conn_current=0 | module 3 'module2'
2025-08-23 18:55:53,573 INFO    • iface 15 | pin 7 'pin121' type='Data' pin_current=0.0 | conn 4 'conn1-2' conn_current=0 | module 2 'module1'
2025-08-23 18:55:53,573 INFO    • iface 15 | pin 14 'f' type='Data' pin_current=0.0 | conn 8 'ergf' conn_current=0 | module 3 'module2'
2025-08-23 18:55:53,573 INFO    • iface 16 | pin 3 'pin111' type='Data' pin_current=0.0 | conn 5 'conn1-1' conn_current=0 | module 2 'module1'
2025-08-23 18:55:53,573 INFO    • iface 16 | pin 5 '5' type='Data' pin_current=0.0 | conn 2 'f' conn_current=0 | module 1 'تدتسنیدبس'
2025-08-23 18:55:53,573 INFO    • iface 17 | pin 16 'gb' type='Data' pin_current=0.0 | conn 7 'vdfv' conn_current=0 | module 3 'module2'
2025-08-23 18:55:53,573 INFO    • iface 17 | pin 5 '5' type='Data' pin_current=0.0 | conn 2 'f' conn_current=0 | module 1 'تدتسنیدبس'
2025-08-23 18:55:53,573 INFO    • iface 18 | pin 7 'pin121' type='Data' pin_current=0.0 | conn 4 'conn1-2' conn_current=0 | module 2 'module1'
2025-08-23 18:55:53,573 INFO    • iface 18 | pin 19 'fu' type='Voltage' pin_current=0.21 | conn 6 'dfd' conn_current=0 | module 3 'module2'
2025-08-23 18:55:53,573 INFO   📌 module2 -> fu: 0.21 A
2025-08-23 18:55:53,573 INFO 🔌 Total Current: 0.21 A from 1 VCC pins
2025-08-23 18:55:53,576 INFO 🧩 Active scene interfaces detected: [1, 2, 3, 4, 5, 6, 7, 8]
2025-08-23 18:55:53,576 INFO 🔌 Calculating current for displayed modules: {1, 2, 3} (interfaces in scene: [1, 2, 3, 4, 5, 6, 7, 8])
2025-08-23 18:55:53,576 INFO 🧪 Diagnostic dump for active interfaces:
2025-08-23 18:55:53,576 INFO    • iface 1 | pin 1 '3' type='Data' pin_current=0.0 | conn None 'None' conn_current=0 | module None 'None'
2025-08-23 18:55:53,576 INFO    • iface 1 | pin 3 'pin111' type='Data' pin_current=0.0 | conn 5 'conn1-1' conn_current=0 | module 2 'module1'
2025-08-23 18:55:53,576 INFO    • iface 5 | pin None 'None' type='None' pin_current=None | conn None 'None' conn_current=0 | module None 'None'
2025-08-23 18:55:53,576 INFO    • iface 6 | pin None 'None' type='None' pin_current=None | conn None 'None' conn_current=0 | module None 'None'
2025-08-23 18:55:53,576 INFO    • iface 7 | pin None 'None' type='None' pin_current=None | conn None 'None' conn_current=0 | module None 'None'
2025-08-23 18:55:53,576 INFO    • iface 8 | pin None 'None' type='None' pin_current=None | conn None 'None' conn_current=0 | module None 'None'
2025-08-23 18:55:53,576 INFO 🧪 No power-like pins matched; check pin/connector naming, pin_type, or that current is on connector.
2025-08-23 18:55:53,576 INFO 🔌 Total Current: 0.00 A from 0 VCC pins
2025-08-23 18:55:53,578 INFO 🧩 Active scene interfaces detected: [14, 15, 16, 17, 18]
2025-08-23 18:55:53,578 INFO 🔌 Calculating current for displayed modules: {1, 2, 3} (interfaces in scene: [14, 15, 16, 17, 18])
2025-08-23 18:55:53,578 INFO 🧪 Diagnostic dump for active interfaces:
2025-08-23 18:55:53,579 INFO    • iface 14 | pin 3 'pin111' type='Data' pin_current=0.0 | conn 5 'conn1-1' conn_current=0 | module 2 'module1'
2025-08-23 18:55:53,579 INFO    • iface 14 | pin 10 'f' type='Data' pin_current=0.0 | conn 6 'dfd' conn_current=0 | module 3 'module2'
2025-08-23 18:55:53,579 INFO    • iface 15 | pin 7 'pin121' type='Data' pin_current=0.0 | conn 4 'conn1-2' conn_current=0 | module 2 'module1'
2025-08-23 18:55:53,579 INFO    • iface 15 | pin 14 'f' type='Data' pin_current=0.0 | conn 8 'ergf' conn_current=0 | module 3 'module2'
2025-08-23 18:55:53,579 INFO    • iface 16 | pin 3 'pin111' type='Data' pin_current=0.0 | conn 5 'conn1-1' conn_current=0 | module 2 'module1'
2025-08-23 18:55:53,579 INFO    • iface 16 | pin 5 '5' type='Data' pin_current=0.0 | conn 2 'f' conn_current=0 | module 1 'تدتسنیدبس'
2025-08-23 18:55:53,579 INFO    • iface 17 | pin 16 'gb' type='Data' pin_current=0.0 | conn 7 'vdfv' conn_current=0 | module 3 'module2'
2025-08-23 18:55:53,579 INFO    • iface 17 | pin 5 '5' type='Data' pin_current=0.0 | conn 2 'f' conn_current=0 | module 1 'تدتسنیدبس'
2025-08-23 18:55:53,579 INFO    • iface 18 | pin 7 'pin121' type='Data' pin_current=0.0 | conn 4 'conn1-2' conn_current=0 | module 2 'module1'
2025-08-23 18:55:53,579 INFO    • iface 18 | pin 19 'fu' type='Voltage' pin_current=0.21 | conn 6 'dfd' conn_current=0 | module 3 'module2'
2025-08-23 18:55:53,579 INFO   📌 module2 -> fu: 0.21 A
2025-08-23 18:55:53,579 INFO 🔌 Total Current: 0.21 A from 1 VCC pins
2025-08-23 18:55:53,583 INFO 🧩 Active scene interfaces detected: [1, 2, 3, 4, 5, 6, 7, 8]
2025-08-23 18:55:53,583 INFO 🔌 Calculating current for displayed modules: {1, 2, 3} (interfaces in scene: [1, 2, 3, 4, 5, 6, 7, 8])
2025-08-23 18:55:53,583 INFO 🧪 Diagnostic dump for active interfaces:
2025-08-23 18:55:53,583 INFO    • iface 1 | pin 1 '3' type='Data' pin_current=0.0 | conn None 'None' conn_current=0 | module None 'None'
2025-08-23 18:55:53,583 INFO    • iface 1 | pin 3 'pin111' type='Data' pin_current=0.0 | conn 5 'conn1-1' conn_current=0 | module 2 'module1'
2025-08-23 18:55:53,583 INFO    • iface 5 | pin None 'None' type='None' pin_current=None | conn None 'None' conn_current=0 | module None 'None'
2025-08-23 18:55:53,583 INFO    • iface 6 | pin None 'None' type='None' pin_current=None | conn None 'None' conn_current=0 | module None 'None'
2025-08-23 18:55:53,583 INFO    • iface 7 | pin None 'None' type='None' pin_current=None | conn None 'None' conn_current=0 | module None 'None'
2025-08-23 18:55:53,583 INFO    • iface 8 | pin None 'None' type='None' pin_current=None | conn None 'None' conn_current=0 | module None 'None'
2025-08-23 18:55:53,583 INFO 🧪 No power-like pins matched; check pin/connector naming, pin_type, or that current is on connector.
2025-08-23 18:55:53,583 INFO 🔌 Total Current: 0.00 A from 0 VCC pins
2025-08-23 18:55:53,586 INFO 🧩 Active scene interfaces detected: [14, 15, 16, 17, 18]
2025-08-23 18:55:53,586 INFO 🔌 Calculating current for displayed modules: {1, 2, 3} (interfaces in scene: [14, 15, 16, 17, 18])
2025-08-23 18:55:53,586 INFO 🧪 Diagnostic dump for active interfaces:
2025-08-23 18:55:53,586 INFO    • iface 14 | pin 3 'pin111' type='Data' pin_current=0.0 | conn 5 'conn1-1' conn_current=0 | module 2 'module1'
2025-08-23 18:55:53,586 INFO    • iface 14 | pin 10 'f' type='Data' pin_current=0.0 | conn 6 'dfd' conn_current=0 | module 3 'module2'
2025-08-23 18:55:53,586 INFO    • iface 15 | pin 7 'pin121' type='Data' pin_current=0.0 | conn 4 'conn1-2' conn_current=0 | module 2 'module1'
2025-08-23 18:55:53,586 INFO    • iface 15 | pin 14 'f' type='Data' pin_current=0.0 | conn 8 'ergf' conn_current=0 | module 3 'module2'
2025-08-23 18:55:53,586 INFO    • iface 16 | pin 3 'pin111' type='Data' pin_current=0.0 | conn 5 'conn1-1' conn_current=0 | module 2 'module1'
2025-08-23 18:55:53,586 INFO    • iface 16 | pin 5 '5' type='Data' pin_current=0.0 | conn 2 'f' conn_current=0 | module 1 'تدتسنیدبس'
2025-08-23 18:55:53,586 INFO    • iface 17 | pin 16 'gb' type='Data' pin_current=0.0 | conn 7 'vdfv' conn_current=0 | module 3 'module2'
2025-08-23 18:55:53,586 INFO    • iface 17 | pin 5 '5' type='Data' pin_current=0.0 | conn 2 'f' conn_current=0 | module 1 'تدتسنیدبس'
2025-08-23 18:55:53,586 INFO    • iface 18 | pin 7 'pin121' type='Data' pin_current=0.0 | conn 4 'conn1-2' conn_current=0 | module 2 'module1'
2025-08-23 18:55:53,586 INFO    • iface 18 | pin 19 'fu' type='Voltage' pin_current=0.21 | conn 6 'dfd' conn_current=0 | module 3 'module2'
2025-08-23 18:55:53,586 INFO   📌 module2 -> fu: 0.21 A
2025-08-23 18:55:53,586 INFO 🔌 Total Current: 0.21 A from 1 VCC pins
2025-08-23 18:55:53,589 INFO 🧩 Active scene interfaces detected: [1, 2, 3, 4, 5, 6, 7, 8]
2025-08-23 18:55:53,589 INFO 🔌 Calculating current for displayed modules: {1, 2, 3} (interfaces in scene: [1, 2, 3, 4, 5, 6, 7, 8])
2025-08-23 18:55:53,589 INFO 🧪 Diagnostic dump for active interfaces:
2025-08-23 18:55:53,589 INFO    • iface 1 | pin 1 '3' type='Data' pin_current=0.0 | conn None 'None' conn_current=0 | module None 'None'
2025-08-23 18:55:53,589 INFO    • iface 1 | pin 3 'pin111' type='Data' pin_current=0.0 | conn 5 'conn1-1' conn_current=0 | module 2 'module1'
2025-08-23 18:55:53,589 INFO    • iface 5 | pin None 'None' type='None' pin_current=None | conn None 'None' conn_current=0 | module None 'None'
2025-08-23 18:55:53,589 INFO    • iface 6 | pin None 'None' type='None' pin_current=None | conn None 'None' conn_current=0 | module None 'None'
2025-08-23 18:55:53,589 INFO    • iface 7 | pin None 'None' type='None' pin_current=None | conn None 'None' conn_current=0 | module None 'None'
2025-08-23 18:55:53,589 INFO    • iface 8 | pin None 'None' type='None' pin_current=None | conn None 'None' conn_current=0 | module None 'None'
2025-08-23 18:55:53,590 INFO 🧪 No power-like pins matched; check pin/connector naming, pin_type, or that current is on connector.
2025-08-23 18:55:53,590 INFO 🔌 Total Current: 0.00 A from 0 VCC pins
2025-08-23 18:55:53,592 INFO 🧩 Active scene interfaces detected: [14, 15, 16, 17, 18]
2025-08-23 18:55:53,592 INFO 🔌 Calculating current for displayed modules: {1, 2, 3} (interfaces in scene: [14, 15, 16, 17, 18])
2025-08-23 18:55:53,592 INFO 🧪 Diagnostic dump for active interfaces:
2025-08-23 18:55:53,592 INFO    • iface 14 | pin 3 'pin111' type='Data' pin_current=0.0 | conn 5 'conn1-1' conn_current=0 | module 2 'module1'
2025-08-23 18:55:53,592 INFO    • iface 14 | pin 10 'f' type='Data' pin_current=0.0 | conn 6 'dfd' conn_current=0 | module 3 'module2'
2025-08-23 18:55:53,592 INFO    • iface 15 | pin 7 'pin121' type='Data' pin_current=0.0 | conn 4 'conn1-2' conn_current=0 | module 2 'module1'
2025-08-23 18:55:53,592 INFO    • iface 15 | pin 14 'f' type='Data' pin_current=0.0 | conn 8 'ergf' conn_current=0 | module 3 'module2'
2025-08-23 18:55:53,592 INFO    • iface 16 | pin 3 'pin111' type='Data' pin_current=0.0 | conn 5 'conn1-1' conn_current=0 | module 2 'module1'
2025-08-23 18:55:53,592 INFO    • iface 16 | pin 5 '5' type='Data' pin_current=0.0 | conn 2 'f' conn_current=0 | module 1 'تدتسنیدبس'
2025-08-23 18:55:53,592 INFO    • iface 17 | pin 16 'gb' type='Data' pin_current=0.0 | conn 7 'vdfv' conn_current=0 | module 3 'module2'
2025-08-23 18:55:53,592 INFO    • iface 17 | pin 5 '5' type='Data' pin_current=0.0 | conn 2 'f' conn_current=0 | module 1 'تدتسنیدبس'
2025-08-23 18:55:53,592 INFO    • iface 18 | pin 7 'pin121' type='Data' pin_current=0.0 | conn 4 'conn1-2' conn_current=0 | module 2 'module1'
2025-08-23 18:55:53,592 INFO    • iface 18 | pin 19 'fu' type='Voltage' pin_current=0.21 | conn 6 'dfd' conn_current=0 | module 3 'module2'
2025-08-23 18:55:53,593 INFO   📌 module2 -> fu: 0.21 A
2025-08-23 18:55:53,593 INFO 🔌 Total Current: 0.21 A from 1 VCC pins
2025-08-23 18:55:53,595 INFO 🧩 Active scene interfaces detected: [1, 2, 3, 4, 5, 6, 7, 8]
2025-08-23 18:55:53,595 INFO 🔌 Calculating current for displayed modules: {1, 2, 3} (interfaces in scene: [1, 2, 3, 4, 5, 6, 7, 8])
2025-08-23 18:55:53,595 INFO 🧪 Diagnostic dump for active interfaces:
2025-08-23 18:55:53,595 INFO    • iface 1 | pin 1 '3' type='Data' pin_current=0.0 | conn None 'None' conn_current=0 | module None 'None'
2025-08-23 18:55:53,595 INFO    • iface 1 | pin 3 'pin111' type='Data' pin_current=0.0 | conn 5 'conn1-1' conn_current=0 | module 2 'module1'
2025-08-23 18:55:53,595 INFO    • iface 5 | pin None 'None' type='None' pin_current=None | conn None 'None' conn_current=0 | module None 'None'
2025-08-23 18:55:53,595 INFO    • iface 6 | pin None 'None' type='None' pin_current=None | conn None 'None' conn_current=0 | module None 'None'
2025-08-23 18:55:53,595 INFO    • iface 7 | pin None 'None' type='None' pin_current=None | conn None 'None' conn_current=0 | module None 'None'
2025-08-23 18:55:53,595 INFO    • iface 8 | pin None 'None' type='None' pin_current=None | conn None 'None' conn_current=0 | module None 'None'
2025-08-23 18:55:53,595 INFO 🧪 No power-like pins matched; check pin/connector naming, pin_type, or that current is on connector.
2025-08-23 18:55:53,595 INFO 🔌 Total Current: 0.00 A from 0 VCC pins
2025-08-23 18:55:53,598 INFO 🧩 Active scene interfaces detected: [14, 15, 16, 17, 18]
2025-08-23 18:55:53,598 INFO 🔌 Calculating current for displayed modules: {1, 2, 3} (interfaces in scene: [14, 15, 16, 17, 18])
2025-08-23 18:55:53,598 INFO 🧪 Diagnostic dump for active interfaces:
2025-08-23 18:55:53,598 INFO    • iface 14 | pin 3 'pin111' type='Data' pin_current=0.0 | conn 5 'conn1-1' conn_current=0 | module 2 'module1'
2025-08-23 18:55:53,598 INFO    • iface 14 | pin 10 'f' type='Data' pin_current=0.0 | conn 6 'dfd' conn_current=0 | module 3 'module2'
2025-08-23 18:55:53,598 INFO    • iface 15 | pin 7 'pin121' type='Data' pin_current=0.0 | conn 4 'conn1-2' conn_current=0 | module 2 'module1'
2025-08-23 18:55:53,598 INFO    • iface 15 | pin 14 'f' type='Data' pin_current=0.0 | conn 8 'ergf' conn_current=0 | module 3 'module2'
2025-08-23 18:55:53,598 INFO    • iface 16 | pin 3 'pin111' type='Data' pin_current=0.0 | conn 5 'conn1-1' conn_current=0 | module 2 'module1'
2025-08-23 18:55:53,598 INFO    • iface 16 | pin 5 '5' type='Data' pin_current=0.0 | conn 2 'f' conn_current=0 | module 1 'تدتسنیدبس'
2025-08-23 18:55:53,598 INFO    • iface 17 | pin 16 'gb' type='Data' pin_current=0.0 | conn 7 'vdfv' conn_current=0 | module 3 'module2'
2025-08-23 18:55:53,598 INFO    • iface 17 | pin 5 '5' type='Data' pin_current=0.0 | conn 2 'f' conn_current=0 | module 1 'تدتسنیدبس'
2025-08-23 18:55:53,598 INFO    • iface 18 | pin 7 'pin121' type='Data' pin_current=0.0 | conn 4 'conn1-2' conn_current=0 | module 2 'module1'
2025-08-23 18:55:53,598 INFO    • iface 18 | pin 19 'fu' type='Voltage' pin_current=0.21 | conn 6 'dfd' conn_current=0 | module 3 'module2'
2025-08-23 18:55:53,598 INFO   📌 module2 -> fu: 0.21 A
2025-08-23 18:55:53,598 INFO 🔌 Total Current: 0.21 A from 1 VCC pins
2025-08-23 18:55:53,601 INFO 🧩 Active scene interfaces detected: [1, 2, 3, 4, 5, 6, 7, 8]
2025-08-23 18:55:53,601 INFO 🔌 Calculating current for displayed modules: {1, 2, 3} (interfaces in scene: [1, 2, 3, 4, 5, 6, 7, 8])
2025-08-23 18:55:53,601 INFO 🧪 Diagnostic dump for active interfaces:
2025-08-23 18:55:53,601 INFO    • iface 1 | pin 1 '3' type='Data' pin_current=0.0 | conn None 'None' conn_current=0 | module None 'None'
2025-08-23 18:55:53,601 INFO    • iface 1 | pin 3 'pin111' type='Data' pin_current=0.0 | conn 5 'conn1-1' conn_current=0 | module 2 'module1'
2025-08-23 18:55:53,601 INFO    • iface 5 | pin None 'None' type='None' pin_current=None | conn None 'None' conn_current=0 | module None 'None'
2025-08-23 18:55:53,601 INFO    • iface 6 | pin None 'None' type='None' pin_current=None | conn None 'None' conn_current=0 | module None 'None'
2025-08-23 18:55:53,601 INFO    • iface 7 | pin None 'None' type='None' pin_current=None | conn None 'None' conn_current=0 | module None 'None'
2025-08-23 18:55:53,601 INFO    • iface 8 | pin None 'None' type='None' pin_current=None | conn None 'None' conn_current=0 | module None 'None'
2025-08-23 18:55:53,601 INFO 🧪 No power-like pins matched; check pin/connector naming, pin_type, or that current is on connector.
2025-08-23 18:55:53,601 INFO 🔌 Total Current: 0.00 A from 0 VCC pins
2025-08-23 18:55:53,603 INFO 🧩 Active scene interfaces detected: [14, 15, 16, 17, 18]
2025-08-23 18:55:53,603 INFO 🔌 Calculating current for displayed modules: {1, 2, 3} (interfaces in scene: [14, 15, 16, 17, 18])
2025-08-23 18:55:53,603 INFO 🧪 Diagnostic dump for active interfaces:
2025-08-23 18:55:53,603 INFO    • iface 14 | pin 3 'pin111' type='Data' pin_current=0.0 | conn 5 'conn1-1' conn_current=0 | module 2 'module1'
2025-08-23 18:55:53,603 INFO    • iface 14 | pin 10 'f' type='Data' pin_current=0.0 | conn 6 'dfd' conn_current=0 | module 3 'module2'
2025-08-23 18:55:53,603 INFO    • iface 15 | pin 7 'pin121' type='Data' pin_current=0.0 | conn 4 'conn1-2' conn_current=0 | module 2 'module1'
2025-08-23 18:55:53,603 INFO    • iface 15 | pin 14 'f' type='Data' pin_current=0.0 | conn 8 'ergf' conn_current=0 | module 3 'module2'
2025-08-23 18:55:53,603 INFO    • iface 16 | pin 3 'pin111' type='Data' pin_current=0.0 | conn 5 'conn1-1' conn_current=0 | module 2 'module1'
2025-08-23 18:55:53,603 INFO    • iface 16 | pin 5 '5' type='Data' pin_current=0.0 | conn 2 'f' conn_current=0 | module 1 'تدتسنیدبس'
2025-08-23 18:55:53,603 INFO    • iface 17 | pin 16 'gb' type='Data' pin_current=0.0 | conn 7 'vdfv' conn_current=0 | module 3 'module2'
2025-08-23 18:55:53,603 INFO    • iface 17 | pin 5 '5' type='Data' pin_current=0.0 | conn 2 'f' conn_current=0 | module 1 'تدتسنیدبس'
2025-08-23 18:55:53,603 INFO    • iface 18 | pin 7 'pin121' type='Data' pin_current=0.0 | conn 4 'conn1-2' conn_current=0 | module 2 'module1'
2025-08-23 18:55:53,603 INFO    • iface 18 | pin 19 'fu' type='Voltage' pin_current=0.21 | conn 6 'dfd' conn_current=0 | module 3 'module2'
2025-08-23 18:55:53,604 INFO   📌 module2 -> fu: 0.21 A
2025-08-23 18:55:53,604 INFO 🔌 Total Current: 0.21 A from 1 VCC pins
2025-08-23 18:55:53,606 INFO 🧩 Active scene interfaces detected: [1, 2, 3, 4, 5, 6, 7, 8]
2025-08-23 18:55:53,606 INFO 🔌 Calculating current for displayed modules: {1, 2, 3} (interfaces in scene: [1, 2, 3, 4, 5, 6, 7, 8])
2025-08-23 18:55:53,606 INFO 🧪 Diagnostic dump for active interfaces:
2025-08-23 18:55:53,606 INFO    • iface 1 | pin 1 '3' type='Data' pin_current=0.0 | conn None 'None' conn_current=0 | module None 'None'
2025-08-23 18:55:53,606 INFO    • iface 1 | pin 3 'pin111' type='Data' pin_current=0.0 | conn 5 'conn1-1' conn_current=0 | module 2 'module1'
2025-08-23 18:55:53,606 INFO    • iface 5 | pin None 'None' type='None' pin_current=None | conn None 'None' conn_current=0 | module None 'None'
2025-08-23 18:55:53,606 INFO    • iface 6 | pin None 'None' type='None' pin_current=None | conn None 'None' conn_current=0 | module None 'None'
2025-08-23 18:55:53,606 INFO    • iface 7 | pin None 'None' type='None' pin_current=None | conn None 'None' conn_current=0 | module None 'None'
2025-08-23 18:55:53,606 INFO    • iface 8 | pin None 'None' type='None' pin_current=None | conn None 'None' conn_current=0 | module None 'None'
2025-08-23 18:55:53,606 INFO 🧪 No power-like pins matched; check pin/connector naming, pin_type, or that current is on connector.
2025-08-23 18:55:53,606 INFO 🔌 Total Current: 0.00 A from 0 VCC pins
2025-08-23 18:55:53,608 INFO 🧩 Active scene interfaces detected: [14, 15, 16, 17, 18]
2025-08-23 18:55:53,608 INFO 🔌 Calculating current for displayed modules: {1, 2, 3} (interfaces in scene: [14, 15, 16, 17, 18])
2025-08-23 18:55:53,608 INFO 🧪 Diagnostic dump for active interfaces:
2025-08-23 18:55:53,608 INFO    • iface 14 | pin 3 'pin111' type='Data' pin_current=0.0 | conn 5 'conn1-1' conn_current=0 | module 2 'module1'
2025-08-23 18:55:53,608 INFO    • iface 14 | pin 10 'f' type='Data' pin_current=0.0 | conn 6 'dfd' conn_current=0 | module 3 'module2'
2025-08-23 18:55:53,608 INFO    • iface 15 | pin 7 'pin121' type='Data' pin_current=0.0 | conn 4 'conn1-2' conn_current=0 | module 2 'module1'
2025-08-23 18:55:53,609 INFO    • iface 15 | pin 14 'f' type='Data' pin_current=0.0 | conn 8 'ergf' conn_current=0 | module 3 'module2'
2025-08-23 18:55:53,609 INFO    • iface 16 | pin 3 'pin111' type='Data' pin_current=0.0 | conn 5 'conn1-1' conn_current=0 | module 2 'module1'
2025-08-23 18:55:53,609 INFO    • iface 16 | pin 5 '5' type='Data' pin_current=0.0 | conn 2 'f' conn_current=0 | module 1 'تدتسنیدبس'
2025-08-23 18:55:53,609 INFO    • iface 17 | pin 16 'gb' type='Data' pin_current=0.0 | conn 7 'vdfv' conn_current=0 | module 3 'module2'
2025-08-23 18:55:53,609 INFO    • iface 17 | pin 5 '5' type='Data' pin_current=0.0 | conn 2 'f' conn_current=0 | module 1 'تدتسنیدبس'
2025-08-23 18:55:53,609 INFO    • iface 18 | pin 7 'pin121' type='Data' pin_current=0.0 | conn 4 'conn1-2' conn_current=0 | module 2 'module1'
2025-08-23 18:55:53,609 INFO    • iface 18 | pin 19 'fu' type='Voltage' pin_current=0.21 | conn 6 'dfd' conn_current=0 | module 3 'module2'
2025-08-23 18:55:53,609 INFO   📌 module2 -> fu: 0.21 A
2025-08-23 18:55:53,609 INFO 🔌 Total Current: 0.21 A from 1 VCC pins
2025-08-23 18:55:53,611 INFO 🧩 Active scene interfaces detected: [1, 2, 3, 4, 5, 6, 7, 8]
2025-08-23 18:55:53,611 INFO 🔌 Calculating current for displayed modules: {1, 2, 3} (interfaces in scene: [1, 2, 3, 4, 5, 6, 7, 8])
2025-08-23 18:55:53,611 INFO 🧪 Diagnostic dump for active interfaces:
2025-08-23 18:55:53,611 INFO    • iface 1 | pin 1 '3' type='Data' pin_current=0.0 | conn None 'None' conn_current=0 | module None 'None'
2025-08-23 18:55:53,611 INFO    • iface 1 | pin 3 'pin111' type='Data' pin_current=0.0 | conn 5 'conn1-1' conn_current=0 | module 2 'module1'
2025-08-23 18:55:53,611 INFO    • iface 5 | pin None 'None' type='None' pin_current=None | conn None 'None' conn_current=0 | module None 'None'
2025-08-23 18:55:53,611 INFO    • iface 6 | pin None 'None' type='None' pin_current=None | conn None 'None' conn_current=0 | module None 'None'
2025-08-23 18:55:53,611 INFO    • iface 7 | pin None 'None' type='None' pin_current=None | conn None 'None' conn_current=0 | module None 'None'
2025-08-23 18:55:53,611 INFO    • iface 8 | pin None 'None' type='None' pin_current=None | conn None 'None' conn_current=0 | module None 'None'
2025-08-23 18:55:53,611 INFO 🧪 No power-like pins matched; check pin/connector naming, pin_type, or that current is on connector.
2025-08-23 18:55:53,611 INFO 🔌 Total Current: 0.00 A from 0 VCC pins
2025-08-23 18:55:53,613 INFO 🧩 Active scene interfaces detected: [14, 15, 16, 17, 18]
2025-08-23 18:55:53,613 INFO 🔌 Calculating current for displayed modules: {1, 2, 3} (interfaces in scene: [14, 15, 16, 17, 18])
2025-08-23 18:55:53,614 INFO 🧪 Diagnostic dump for active interfaces:
2025-08-23 18:55:53,614 INFO    • iface 14 | pin 3 'pin111' type='Data' pin_current=0.0 | conn 5 'conn1-1' conn_current=0 | module 2 'module1'
2025-08-23 18:55:53,614 INFO    • iface 14 | pin 10 'f' type='Data' pin_current=0.0 | conn 6 'dfd' conn_current=0 | module 3 'module2'
2025-08-23 18:55:53,614 INFO    • iface 15 | pin 7 'pin121' type='Data' pin_current=0.0 | conn 4 'conn1-2' conn_current=0 | module 2 'module1'
2025-08-23 18:55:53,614 INFO    • iface 15 | pin 14 'f' type='Data' pin_current=0.0 | conn 8 'ergf' conn_current=0 | module 3 'module2'
2025-08-23 18:55:53,614 INFO    • iface 16 | pin 3 'pin111' type='Data' pin_current=0.0 | conn 5 'conn1-1' conn_current=0 | module 2 'module1'
2025-08-23 18:55:53,614 INFO    • iface 16 | pin 5 '5' type='Data' pin_current=0.0 | conn 2 'f' conn_current=0 | module 1 'تدتسنیدبس'
2025-08-23 18:55:53,614 INFO    • iface 17 | pin 16 'gb' type='Data' pin_current=0.0 | conn 7 'vdfv' conn_current=0 | module 3 'module2'
2025-08-23 18:55:53,614 INFO    • iface 17 | pin 5 '5' type='Data' pin_current=0.0 | conn 2 'f' conn_current=0 | module 1 'تدتسنیدبس'
2025-08-23 18:55:53,614 INFO    • iface 18 | pin 7 'pin121' type='Data' pin_current=0.0 | conn 4 'conn1-2' conn_current=0 | module 2 'module1'
2025-08-23 18:55:53,614 INFO    • iface 18 | pin 19 'fu' type='Voltage' pin_current=0.21 | conn 6 'dfd' conn_current=0 | module 3 'module2'
2025-08-23 18:55:53,614 INFO   📌 module2 -> fu: 0.21 A
2025-08-23 18:55:53,614 INFO 🔌 Total Current: 0.21 A from 1 VCC pins
2025-08-23 18:55:53,616 INFO 🧩 Active scene interfaces detected: [1, 2, 3, 4, 5, 6, 7, 8]
2025-08-23 18:55:53,616 INFO 🔌 Calculating current for displayed modules: {1, 2, 3} (interfaces in scene: [1, 2, 3, 4, 5, 6, 7, 8])
2025-08-23 18:55:53,616 INFO 🧪 Diagnostic dump for active interfaces:
2025-08-23 18:55:53,616 INFO    • iface 1 | pin 1 '3' type='Data' pin_current=0.0 | conn None 'None' conn_current=0 | module None 'None'
2025-08-23 18:55:53,616 INFO    • iface 1 | pin 3 'pin111' type='Data' pin_current=0.0 | conn 5 'conn1-1' conn_current=0 | module 2 'module1'
2025-08-23 18:55:53,617 INFO    • iface 5 | pin None 'None' type='None' pin_current=None | conn None 'None' conn_current=0 | module None 'None'
2025-08-23 18:55:53,617 INFO    • iface 6 | pin None 'None' type='None' pin_current=None | conn None 'None' conn_current=0 | module None 'None'
2025-08-23 18:55:53,617 INFO    • iface 7 | pin None 'None' type='None' pin_current=None | conn None 'None' conn_current=0 | module None 'None'
2025-08-23 18:55:53,617 INFO    • iface 8 | pin None 'None' type='None' pin_current=None | conn None 'None' conn_current=0 | module None 'None'
2025-08-23 18:55:53,617 INFO 🧪 No power-like pins matched; check pin/connector naming, pin_type, or that current is on connector.
2025-08-23 18:55:53,617 INFO 🔌 Total Current: 0.00 A from 0 VCC pins
2025-08-23 18:55:53,619 INFO 🧩 Active scene interfaces detected: [14, 15, 16, 17, 18]
2025-08-23 18:55:53,619 INFO 🔌 Calculating current for displayed modules: {1, 2, 3} (interfaces in scene: [14, 15, 16, 17, 18])
2025-08-23 18:55:53,619 INFO 🧪 Diagnostic dump for active interfaces:
2025-08-23 18:55:53,619 INFO    • iface 14 | pin 3 'pin111' type='Data' pin_current=0.0 | conn 5 'conn1-1' conn_current=0 | module 2 'module1'
2025-08-23 18:55:53,619 INFO    • iface 14 | pin 10 'f' type='Data' pin_current=0.0 | conn 6 'dfd' conn_current=0 | module 3 'module2'
2025-08-23 18:55:53,619 INFO    • iface 15 | pin 7 'pin121' type='Data' pin_current=0.0 | conn 4 'conn1-2' conn_current=0 | module 2 'module1'
2025-08-23 18:55:53,619 INFO    • iface 15 | pin 14 'f' type='Data' pin_current=0.0 | conn 8 'ergf' conn_current=0 | module 3 'module2'
2025-08-23 18:55:53,619 INFO    • iface 16 | pin 3 'pin111' type='Data' pin_current=0.0 | conn 5 'conn1-1' conn_current=0 | module 2 'module1'
2025-08-23 18:55:53,619 INFO    • iface 16 | pin 5 '5' type='Data' pin_current=0.0 | conn 2 'f' conn_current=0 | module 1 'تدتسنیدبس'
2025-08-23 18:55:53,619 INFO    • iface 17 | pin 16 'gb' type='Data' pin_current=0.0 | conn 7 'vdfv' conn_current=0 | module 3 'module2'
2025-08-23 18:55:53,619 INFO    • iface 17 | pin 5 '5' type='Data' pin_current=0.0 | conn 2 'f' conn_current=0 | module 1 'تدتسنیدبس'
2025-08-23 18:55:53,619 INFO    • iface 18 | pin 7 'pin121' type='Data' pin_current=0.0 | conn 4 'conn1-2' conn_current=0 | module 2 'module1'
2025-08-23 18:55:53,619 INFO    • iface 18 | pin 19 'fu' type='Voltage' pin_current=0.21 | conn 6 'dfd' conn_current=0 | module 3 'module2'
2025-08-23 18:55:53,619 INFO   📌 module2 -> fu: 0.21 A
2025-08-23 18:55:53,619 INFO 🔌 Total Current: 0.21 A from 1 VCC pins
2025-08-23 18:55:53,622 INFO 🧩 Active scene interfaces detected: [1, 2, 3, 4, 5, 6, 7, 8]
2025-08-23 18:55:53,622 INFO 🔌 Calculating current for displayed modules: {1, 2, 3} (interfaces in scene: [1, 2, 3, 4, 5, 6, 7, 8])
2025-08-23 18:55:53,622 INFO 🧪 Diagnostic dump for active interfaces:
2025-08-23 18:55:53,622 INFO    • iface 1 | pin 1 '3' type='Data' pin_current=0.0 | conn None 'None' conn_current=0 | module None 'None'
2025-08-23 18:55:53,622 INFO    • iface 1 | pin 3 'pin111' type='Data' pin_current=0.0 | conn 5 'conn1-1' conn_current=0 | module 2 'module1'
2025-08-23 18:55:53,622 INFO    • iface 5 | pin None 'None' type='None' pin_current=None | conn None 'None' conn_current=0 | module None 'None'
2025-08-23 18:55:53,622 INFO    • iface 6 | pin None 'None' type='None' pin_current=None | conn None 'None' conn_current=0 | module None 'None'
2025-08-23 18:55:53,622 INFO    • iface 7 | pin None 'None' type='None' pin_current=None | conn None 'None' conn_current=0 | module None 'None'
2025-08-23 18:55:53,622 INFO    • iface 8 | pin None 'None' type='None' pin_current=None | conn None 'None' conn_current=0 | module None 'None'
2025-08-23 18:55:53,622 INFO 🧪 No power-like pins matched; check pin/connector naming, pin_type, or that current is on connector.
2025-08-23 18:55:53,622 INFO 🔌 Total Current: 0.00 A from 0 VCC pins
2025-08-23 18:55:53,624 INFO 🧩 Active scene interfaces detected: [14, 15, 16, 17, 18]
2025-08-23 18:55:53,624 INFO 🔌 Calculating current for displayed modules: {1, 2, 3} (interfaces in scene: [14, 15, 16, 17, 18])
2025-08-23 18:55:53,624 INFO 🧪 Diagnostic dump for active interfaces:
2025-08-23 18:55:53,624 INFO    • iface 14 | pin 3 'pin111' type='Data' pin_current=0.0 | conn 5 'conn1-1' conn_current=0 | module 2 'module1'
2025-08-23 18:55:53,624 INFO    • iface 14 | pin 10 'f' type='Data' pin_current=0.0 | conn 6 'dfd' conn_current=0 | module 3 'module2'
2025-08-23 18:55:53,624 INFO    • iface 15 | pin 7 'pin121' type='Data' pin_current=0.0 | conn 4 'conn1-2' conn_current=0 | module 2 'module1'
2025-08-23 18:55:53,624 INFO    • iface 15 | pin 14 'f' type='Data' pin_current=0.0 | conn 8 'ergf' conn_current=0 | module 3 'module2'
2025-08-23 18:55:53,624 INFO    • iface 16 | pin 3 'pin111' type='Data' pin_current=0.0 | conn 5 'conn1-1' conn_current=0 | module 2 'module1'
2025-08-23 18:55:53,624 INFO    • iface 16 | pin 5 '5' type='Data' pin_current=0.0 | conn 2 'f' conn_current=0 | module 1 'تدتسنیدبس'
2025-08-23 18:55:53,624 INFO    • iface 17 | pin 16 'gb' type='Data' pin_current=0.0 | conn 7 'vdfv' conn_current=0 | module 3 'module2'
2025-08-23 18:55:53,624 INFO    • iface 17 | pin 5 '5' type='Data' pin_current=0.0 | conn 2 'f' conn_current=0 | module 1 'تدتسنیدبس'
2025-08-23 18:55:53,624 INFO    • iface 18 | pin 7 'pin121' type='Data' pin_current=0.0 | conn 4 'conn1-2' conn_current=0 | module 2 'module1'
2025-08-23 18:55:53,625 INFO    • iface 18 | pin 19 'fu' type='Voltage' pin_current=0.21 | conn 6 'dfd' conn_current=0 | module 3 'module2'
2025-08-23 18:55:53,625 INFO   📌 module2 -> fu: 0.21 A
2025-08-23 18:55:53,625 INFO 🔌 Total Current: 0.21 A from 1 VCC pins
2025-08-23 18:55:53,627 INFO 🧩 Active scene interfaces detected: [1, 2, 3, 4, 5, 6, 7, 8]
2025-08-23 18:55:53,627 INFO 🔌 Calculating current for displayed modules: {1, 2, 3} (interfaces in scene: [1, 2, 3, 4, 5, 6, 7, 8])
2025-08-23 18:55:53,627 INFO 🧪 Diagnostic dump for active interfaces:
2025-08-23 18:55:53,627 INFO    • iface 1 | pin 1 '3' type='Data' pin_current=0.0 | conn None 'None' conn_current=0 | module None 'None'
2025-08-23 18:55:53,627 INFO    • iface 1 | pin 3 'pin111' type='Data' pin_current=0.0 | conn 5 'conn1-1' conn_current=0 | module 2 'module1'
2025-08-23 18:55:53,627 INFO    • iface 5 | pin None 'None' type='None' pin_current=None | conn None 'None' conn_current=0 | module None 'None'
2025-08-23 18:55:53,627 INFO    • iface 6 | pin None 'None' type='None' pin_current=None | conn None 'None' conn_current=0 | module None 'None'
2025-08-23 18:55:53,627 INFO    • iface 7 | pin None 'None' type='None' pin_current=None | conn None 'None' conn_current=0 | module None 'None'
2025-08-23 18:55:53,627 INFO    • iface 8 | pin None 'None' type='None' pin_current=None | conn None 'None' conn_current=0 | module None 'None'
2025-08-23 18:55:53,627 INFO 🧪 No power-like pins matched; check pin/connector naming, pin_type, or that current is on connector.
2025-08-23 18:55:53,627 INFO 🔌 Total Current: 0.00 A from 0 VCC pins
2025-08-23 18:55:53,629 INFO 🧩 Active scene interfaces detected: [14, 15, 16, 17, 18]
2025-08-23 18:55:53,630 INFO 🔌 Calculating current for displayed modules: {1, 2, 3} (interfaces in scene: [14, 15, 16, 17, 18])
2025-08-23 18:55:53,630 INFO 🧪 Diagnostic dump for active interfaces:
2025-08-23 18:55:53,630 INFO    • iface 14 | pin 3 'pin111' type='Data' pin_current=0.0 | conn 5 'conn1-1' conn_current=0 | module 2 'module1'
2025-08-23 18:55:53,630 INFO    • iface 14 | pin 10 'f' type='Data' pin_current=0.0 | conn 6 'dfd' conn_current=0 | module 3 'module2'
2025-08-23 18:55:53,630 INFO    • iface 15 | pin 7 'pin121' type='Data' pin_current=0.0 | conn 4 'conn1-2' conn_current=0 | module 2 'module1'
2025-08-23 18:55:53,630 INFO    • iface 15 | pin 14 'f' type='Data' pin_current=0.0 | conn 8 'ergf' conn_current=0 | module 3 'module2'
2025-08-23 18:55:53,630 INFO    • iface 16 | pin 3 'pin111' type='Data' pin_current=0.0 | conn 5 'conn1-1' conn_current=0 | module 2 'module1'
2025-08-23 18:55:53,630 INFO    • iface 16 | pin 5 '5' type='Data' pin_current=0.0 | conn 2 'f' conn_current=0 | module 1 'تدتسنیدبس'
2025-08-23 18:55:53,630 INFO    • iface 17 | pin 16 'gb' type='Data' pin_current=0.0 | conn 7 'vdfv' conn_current=0 | module 3 'module2'
2025-08-23 18:55:53,630 INFO    • iface 17 | pin 5 '5' type='Data' pin_current=0.0 | conn 2 'f' conn_current=0 | module 1 'تدتسنیدبس'
2025-08-23 18:55:53,630 INFO    • iface 18 | pin 7 'pin121' type='Data' pin_current=0.0 | conn 4 'conn1-2' conn_current=0 | module 2 'module1'
2025-08-23 18:55:53,630 INFO    • iface 18 | pin 19 'fu' type='Voltage' pin_current=0.21 | conn 6 'dfd' conn_current=0 | module 3 'module2'
2025-08-23 18:55:53,630 INFO   📌 module2 -> fu: 0.21 A
2025-08-23 18:55:53,630 INFO 🔌 Total Current: 0.21 A from 1 VCC pins
2025-08-23 18:55:53,633 INFO 🧩 Active scene interfaces detected: [1, 2, 3, 4, 5, 6, 7, 8]
2025-08-23 18:55:53,633 INFO 🔌 Calculating current for displayed modules: {1, 2, 3} (interfaces in scene: [1, 2, 3, 4, 5, 6, 7, 8])
2025-08-23 18:55:53,633 INFO 🧪 Diagnostic dump for active interfaces:
2025-08-23 18:55:53,633 INFO    • iface 1 | pin 1 '3' type='Data' pin_current=0.0 | conn None 'None' conn_current=0 | module None 'None'
2025-08-23 18:55:53,634 INFO    • iface 1 | pin 3 'pin111' type='Data' pin_current=0.0 | conn 5 'conn1-1' conn_current=0 | module 2 'module1'
2025-08-23 18:55:53,634 INFO    • iface 5 | pin None 'None' type='None' pin_current=None | conn None 'None' conn_current=0 | module None 'None'
2025-08-23 18:55:53,634 INFO    • iface 6 | pin None 'None' type='None' pin_current=None | conn None 'None' conn_current=0 | module None 'None'
2025-08-23 18:55:53,634 INFO    • iface 7 | pin None 'None' type='None' pin_current=None | conn None 'None' conn_current=0 | module None 'None'
2025-08-23 18:55:53,634 INFO    • iface 8 | pin None 'None' type='None' pin_current=None | conn None 'None' conn_current=0 | module None 'None'
2025-08-23 18:55:53,634 INFO 🧪 No power-like pins matched; check pin/connector naming, pin_type, or that current is on connector.
2025-08-23 18:55:53,634 INFO 🔌 Total Current: 0.00 A from 0 VCC pins
2025-08-23 18:55:53,636 INFO 🧩 Active scene interfaces detected: [14, 15, 16, 17, 18]
2025-08-23 18:55:53,636 INFO 🔌 Calculating current for displayed modules: {1, 2, 3} (interfaces in scene: [14, 15, 16, 17, 18])
2025-08-23 18:55:53,636 INFO 🧪 Diagnostic dump for active interfaces:
2025-08-23 18:55:53,637 INFO    • iface 14 | pin 3 'pin111' type='Data' pin_current=0.0 | conn 5 'conn1-1' conn_current=0 | module 2 'module1'
2025-08-23 18:55:53,637 INFO    • iface 14 | pin 10 'f' type='Data' pin_current=0.0 | conn 6 'dfd' conn_current=0 | module 3 'module2'
2025-08-23 18:55:53,637 INFO    • iface 15 | pin 7 'pin121' type='Data' pin_current=0.0 | conn 4 'conn1-2' conn_current=0 | module 2 'module1'
2025-08-23 18:55:53,637 INFO    • iface 15 | pin 14 'f' type='Data' pin_current=0.0 | conn 8 'ergf' conn_current=0 | module 3 'module2'
2025-08-23 18:55:53,637 INFO    • iface 16 | pin 3 'pin111' type='Data' pin_current=0.0 | conn 5 'conn1-1' conn_current=0 | module 2 'module1'
2025-08-23 18:55:53,637 INFO    • iface 16 | pin 5 '5' type='Data' pin_current=0.0 | conn 2 'f' conn_current=0 | module 1 'تدتسنیدبس'
2025-08-23 18:55:53,637 INFO    • iface 17 | pin 16 'gb' type='Data' pin_current=0.0 | conn 7 'vdfv' conn_current=0 | module 3 'module2'
2025-08-23 18:55:53,637 INFO    • iface 17 | pin 5 '5' type='Data' pin_current=0.0 | conn 2 'f' conn_current=0 | module 1 'تدتسنیدبس'
2025-08-23 18:55:53,637 INFO    • iface 18 | pin 7 'pin121' type='Data' pin_current=0.0 | conn 4 'conn1-2' conn_current=0 | module 2 'module1'
2025-08-23 18:55:53,637 INFO    • iface 18 | pin 19 'fu' type='Voltage' pin_current=0.21 | conn 6 'dfd' conn_current=0 | module 3 'module2'
2025-08-23 18:55:53,637 INFO   📌 module2 -> fu: 0.21 A
2025-08-23 18:55:53,637 INFO 🔌 Total Current: 0.21 A from 1 VCC pins
2025-08-23 18:55:53,641 INFO 🧩 Active scene interfaces detected: [1, 2, 3, 4, 5, 6, 7, 8]
2025-08-23 18:55:53,641 INFO 🔌 Calculating current for displayed modules: {1, 2, 3} (interfaces in scene: [1, 2, 3, 4, 5, 6, 7, 8])
2025-08-23 18:55:53,642 INFO 🧪 Diagnostic dump for active interfaces:
2025-08-23 18:55:53,642 INFO    • iface 1 | pin 1 '3' type='Data' pin_current=0.0 | conn None 'None' conn_current=0 | module None 'None'
2025-08-23 18:55:53,642 INFO    • iface 1 | pin 3 'pin111' type='Data' pin_current=0.0 | conn 5 'conn1-1' conn_current=0 | module 2 'module1'
2025-08-23 18:55:53,642 INFO    • iface 5 | pin None 'None' type='None' pin_current=None | conn None 'None' conn_current=0 | module None 'None'
2025-08-23 18:55:53,642 INFO    • iface 6 | pin None 'None' type='None' pin_current=None | conn None 'None' conn_current=0 | module None 'None'
2025-08-23 18:55:53,642 INFO    • iface 7 | pin None 'None' type='None' pin_current=None | conn None 'None' conn_current=0 | module None 'None'
2025-08-23 18:55:53,642 INFO    • iface 8 | pin None 'None' type='None' pin_current=None | conn None 'None' conn_current=0 | module None 'None'
2025-08-23 18:55:53,642 INFO 🧪 No power-like pins matched; check pin/connector naming, pin_type, or that current is on connector.
2025-08-23 18:55:53,642 INFO 🔌 Total Current: 0.00 A from 0 VCC pins
2025-08-23 18:55:53,644 INFO 🧩 Active scene interfaces detected: [14, 15, 16, 17, 18]
2025-08-23 18:55:53,644 INFO 🔌 Calculating current for displayed modules: {1, 2, 3} (interfaces in scene: [14, 15, 16, 17, 18])
2025-08-23 18:55:53,644 INFO 🧪 Diagnostic dump for active interfaces:
2025-08-23 18:55:53,644 INFO    • iface 14 | pin 3 'pin111' type='Data' pin_current=0.0 | conn 5 'conn1-1' conn_current=0 | module 2 'module1'
2025-08-23 18:55:53,644 INFO    • iface 14 | pin 10 'f' type='Data' pin_current=0.0 | conn 6 'dfd' conn_current=0 | module 3 'module2'
2025-08-23 18:55:53,644 INFO    • iface 15 | pin 7 'pin121' type='Data' pin_current=0.0 | conn 4 'conn1-2' conn_current=0 | module 2 'module1'
2025-08-23 18:55:53,644 INFO    • iface 15 | pin 14 'f' type='Data' pin_current=0.0 | conn 8 'ergf' conn_current=0 | module 3 'module2'
2025-08-23 18:55:53,644 INFO    • iface 16 | pin 3 'pin111' type='Data' pin_current=0.0 | conn 5 'conn1-1' conn_current=0 | module 2 'module1'
2025-08-23 18:55:53,644 INFO    • iface 16 | pin 5 '5' type='Data' pin_current=0.0 | conn 2 'f' conn_current=0 | module 1 'تدتسنیدبس'
2025-08-23 18:55:53,644 INFO    • iface 17 | pin 16 'gb' type='Data' pin_current=0.0 | conn 7 'vdfv' conn_current=0 | module 3 'module2'
2025-08-23 18:55:53,644 INFO    • iface 17 | pin 5 '5' type='Data' pin_current=0.0 | conn 2 'f' conn_current=0 | module 1 'تدتسنیدبس'
2025-08-23 18:55:53,644 INFO    • iface 18 | pin 7 'pin121' type='Data' pin_current=0.0 | conn 4 'conn1-2' conn_current=0 | module 2 'module1'
2025-08-23 18:55:53,644 INFO    • iface 18 | pin 19 'fu' type='Voltage' pin_current=0.21 | conn 6 'dfd' conn_current=0 | module 3 'module2'
2025-08-23 18:55:53,645 INFO   📌 module2 -> fu: 0.21 A
2025-08-23 18:55:53,645 INFO 🔌 Total Current: 0.21 A from 1 VCC pins
2025-08-23 18:55:53,653 INFO 🧩 Active scene interfaces detected: [1, 2, 3, 4, 5, 6, 7, 8]
2025-08-23 18:55:53,654 INFO 🔌 Calculating current for displayed modules: {1, 2, 3} (interfaces in scene: [1, 2, 3, 4, 5, 6, 7, 8])
2025-08-23 18:55:53,654 INFO 🧪 Diagnostic dump for active interfaces:
2025-08-23 18:55:53,654 INFO    • iface 1 | pin 1 '3' type='Data' pin_current=0.0 | conn None 'None' conn_current=0 | module None 'None'
2025-08-23 18:55:53,654 INFO    • iface 1 | pin 3 'pin111' type='Data' pin_current=0.0 | conn 5 'conn1-1' conn_current=0 | module 2 'module1'
2025-08-23 18:55:53,654 INFO    • iface 5 | pin None 'None' type='None' pin_current=None | conn None 'None' conn_current=0 | module None 'None'
2025-08-23 18:55:53,654 INFO    • iface 6 | pin None 'None' type='None' pin_current=None | conn None 'None' conn_current=0 | module None 'None'
2025-08-23 18:55:53,654 INFO    • iface 7 | pin None 'None' type='None' pin_current=None | conn None 'None' conn_current=0 | module None 'None'
2025-08-23 18:55:53,654 INFO    • iface 8 | pin None 'None' type='None' pin_current=None | conn None 'None' conn_current=0 | module None 'None'
2025-08-23 18:55:53,654 INFO 🧪 No power-like pins matched; check pin/connector naming, pin_type, or that current is on connector.
2025-08-23 18:55:53,654 INFO 🔌 Total Current: 0.00 A from 0 VCC pins
2025-08-23 18:55:53,656 INFO 🧩 Active scene interfaces detected: [14, 15, 16, 17, 18]
2025-08-23 18:55:53,656 INFO 🔌 Calculating current for displayed modules: {1, 2, 3} (interfaces in scene: [14, 15, 16, 17, 18])
2025-08-23 18:55:53,656 INFO 🧪 Diagnostic dump for active interfaces:
2025-08-23 18:55:53,656 INFO    • iface 14 | pin 3 'pin111' type='Data' pin_current=0.0 | conn 5 'conn1-1' conn_current=0 | module 2 'module1'
2025-08-23 18:55:53,657 INFO    • iface 14 | pin 10 'f' type='Data' pin_current=0.0 | conn 6 'dfd' conn_current=0 | module 3 'module2'
2025-08-23 18:55:53,657 INFO    • iface 15 | pin 7 'pin121' type='Data' pin_current=0.0 | conn 4 'conn1-2' conn_current=0 | module 2 'module1'
2025-08-23 18:55:53,657 INFO    • iface 15 | pin 14 'f' type='Data' pin_current=0.0 | conn 8 'ergf' conn_current=0 | module 3 'module2'
2025-08-23 18:55:53,657 INFO    • iface 16 | pin 3 'pin111' type='Data' pin_current=0.0 | conn 5 'conn1-1' conn_current=0 | module 2 'module1'
2025-08-23 18:55:53,657 INFO    • iface 16 | pin 5 '5' type='Data' pin_current=0.0 | conn 2 'f' conn_current=0 | module 1 'تدتسنیدبس'
2025-08-23 18:55:53,657 INFO    • iface 17 | pin 16 'gb' type='Data' pin_current=0.0 | conn 7 'vdfv' conn_current=0 | module 3 'module2'
2025-08-23 18:55:53,657 INFO    • iface 17 | pin 5 '5' type='Data' pin_current=0.0 | conn 2 'f' conn_current=0 | module 1 'تدتسنیدبس'
2025-08-23 18:55:53,657 INFO    • iface 18 | pin 7 'pin121' type='Data' pin_current=0.0 | conn 4 'conn1-2' conn_current=0 | module 2 'module1'
2025-08-23 18:55:53,657 INFO    • iface 18 | pin 19 'fu' type='Voltage' pin_current=0.21 | conn 6 'dfd' conn_current=0 | module 3 'module2'
2025-08-23 18:55:53,657 INFO   📌 module2 -> fu: 0.21 A
2025-08-23 18:55:53,657 INFO 🔌 Total Current: 0.21 A from 1 VCC pins
2025-08-23 18:55:53,659 INFO 🧩 Active scene interfaces detected: [1, 2, 3, 4, 5, 6, 7, 8]
2025-08-23 18:55:53,659 INFO 🔌 Calculating current for displayed modules: {1, 2, 3} (interfaces in scene: [1, 2, 3, 4, 5, 6, 7, 8])
2025-08-23 18:55:53,659 INFO 🧪 Diagnostic dump for active interfaces:
2025-08-23 18:55:53,659 INFO    • iface 1 | pin 1 '3' type='Data' pin_current=0.0 | conn None 'None' conn_current=0 | module None 'None'
2025-08-23 18:55:53,659 INFO    • iface 1 | pin 3 'pin111' type='Data' pin_current=0.0 | conn 5 'conn1-1' conn_current=0 | module 2 'module1'
2025-08-23 18:55:53,659 INFO    • iface 5 | pin None 'None' type='None' pin_current=None | conn None 'None' conn_current=0 | module None 'None'
2025-08-23 18:55:53,659 INFO    • iface 6 | pin None 'None' type='None' pin_current=None | conn None 'None' conn_current=0 | module None 'None'
2025-08-23 18:55:53,659 INFO    • iface 7 | pin None 'None' type='None' pin_current=None | conn None 'None' conn_current=0 | module None 'None'
2025-08-23 18:55:53,659 INFO    • iface 8 | pin None 'None' type='None' pin_current=None | conn None 'None' conn_current=0 | module None 'None'
2025-08-23 18:55:53,659 INFO 🧪 No power-like pins matched; check pin/connector naming, pin_type, or that current is on connector.
2025-08-23 18:55:53,659 INFO 🔌 Total Current: 0.00 A from 0 VCC pins
2025-08-23 18:55:53,661 INFO 🧩 Active scene interfaces detected: [14, 15, 16, 17, 18]
2025-08-23 18:55:53,661 INFO 🔌 Calculating current for displayed modules: {1, 2, 3} (interfaces in scene: [14, 15, 16, 17, 18])
2025-08-23 18:55:53,662 INFO 🧪 Diagnostic dump for active interfaces:
2025-08-23 18:55:53,662 INFO    • iface 14 | pin 3 'pin111' type='Data' pin_current=0.0 | conn 5 'conn1-1' conn_current=0 | module 2 'module1'
2025-08-23 18:55:53,662 INFO    • iface 14 | pin 10 'f' type='Data' pin_current=0.0 | conn 6 'dfd' conn_current=0 | module 3 'module2'
2025-08-23 18:55:53,662 INFO    • iface 15 | pin 7 'pin121' type='Data' pin_current=0.0 | conn 4 'conn1-2' conn_current=0 | module 2 'module1'
2025-08-23 18:55:53,662 INFO    • iface 15 | pin 14 'f' type='Data' pin_current=0.0 | conn 8 'ergf' conn_current=0 | module 3 'module2'
2025-08-23 18:55:53,662 INFO    • iface 16 | pin 3 'pin111' type='Data' pin_current=0.0 | conn 5 'conn1-1' conn_current=0 | module 2 'module1'
2025-08-23 18:55:53,662 INFO    • iface 16 | pin 5 '5' type='Data' pin_current=0.0 | conn 2 'f' conn_current=0 | module 1 'تدتسنیدبس'
2025-08-23 18:55:53,662 INFO    • iface 17 | pin 16 'gb' type='Data' pin_current=0.0 | conn 7 'vdfv' conn_current=0 | module 3 'module2'
2025-08-23 18:55:53,662 INFO    • iface 17 | pin 5 '5' type='Data' pin_current=0.0 | conn 2 'f' conn_current=0 | module 1 'تدتسنیدبس'
2025-08-23 18:55:53,662 INFO    • iface 18 | pin 7 'pin121' type='Data' pin_current=0.0 | conn 4 'conn1-2' conn_current=0 | module 2 'module1'
2025-08-23 18:55:53,662 INFO    • iface 18 | pin 19 'fu' type='Voltage' pin_current=0.21 | conn 6 'dfd' conn_current=0 | module 3 'module2'
2025-08-23 18:55:53,662 INFO   📌 module2 -> fu: 0.21 A
2025-08-23 18:55:53,662 INFO 🔌 Total Current: 0.21 A from 1 VCC pins
